lon;lat
2.249464;48.815284
2.249464;48.817059
2.249464;48.818833
2.249464;48.820607
2.249464;48.822382
2.249464;48.824156
2.249464;48.825930
2.249464;48.827705
2.249464;48.829479
2.249464;48.831253
2.249464;48.833027
2.249464;48.834801
2.249464;48.836575
2.249464;48.838348
2.249464;48.840122
2.249464;48.841896
2.249464;48.843669
2.249464;48.845443
2.249464;48.847216
2.249464;48.848990
2.249464;48.850763
2.249464;48.852537
2.249464;48.854310
2.249464;48.856083
2.249464;48.857856
2.249464;48.859629
2.249464;48.861402
2.249464;48.863175
2.249464;48.864948
2.249464;48.866721
2.249464;48.868493
2.249464;48.870266
2.249464;48.872039
2.249464;48.873811
2.249464;48.875584
2.249464;48.877356
2.249464;48.879129
2.249464;48.880901
2.249464;48.882673
2.249464;48.884445
2.249464;48.886217
2.249464;48.887989
2.249464;48.889761
2.249464;48.891533
2.249464;48.893305
2.249464;48.895077
2.249464;48.896849
2.249464;48.898620
2.249464;48.900392
2.249464;48.902164
2.249464;48.903935
2.252159;48.815284
2.252159;48.817059
2.252159;48.818833
2.252159;48.820607
2.252159;48.822382
2.252159;48.824156
2.252159;48.825930
2.252159;48.827705
2.252159;48.829479
2.252159;48.831253
2.252159;48.833027
2.252159;48.834801
2.252159;48.836575
2.252159;48.838348
2.252159;48.840122
2.252159;48.841896
2.252159;48.843669
2.252159;48.845443
2.252159;48.847216
2.252159;48.848990
2.252159;48.850763
2.252159;48.852537
2.252159;48.854310
2.252159;48.856083
2.252159;48.857856
2.252159;48.859629
2.252159;48.861402
2.252159;48.863175
2.252159;48.864948
2.252159;48.866721
2.252159;48.868493
2.252159;48.870266
2.252159;48.872039
2.252159;48.873811
2.252159;48.875584
2.252159;48.877356
2.252159;48.879129
2.252159;48.880901
2.252159;48.882673
2.252159;48.884445
2.252159;48.886217
2.252159;48.887989
2.252159;48.889761
2.252159;48.891533
2.252159;48.893305
2.252159;48.895077
2.252159;48.896849
2.252159;48.898620
2.252159;48.900392
2.252159;48.902164
2.252159;48.903935
2.254854;48.815284
2.254854;48.817059
2.254854;48.818833
2.254854;48.820607
2.254854;48.822382
2.254854;48.824156
2.254854;48.825930
2.254854;48.827705
2.254854;48.829479
2.254854;48.831253
2.254854;48.833027
2.254854;48.834801
2.254854;48.836575
2.254854;48.838348
2.254854;48.840122
2.254854;48.841896
2.254854;48.843669
2.254854;48.845443
2.254854;48.847216
2.254854;48.848990
2.254854;48.850763
2.254854;48.852537
2.254854;48.854310
2.254854;48.856083
2.254854;48.857856
2.254854;48.859629
2.254854;48.861402
2.254854;48.863175
2.254854;48.864948
2.254854;48.866721
2.254854;48.868493
2.254854;48.870266
2.254854;48.872039
2.254854;48.873811
2.254854;48.875584
2.254854;48.877356
2.254854;48.879129
2.254854;48.880901
2.254854;48.882673
2.254854;48.884445
2.254854;48.886217
2.254854;48.887989
2.254854;48.889761
2.254854;48.891533
2.254854;48.893305
2.254854;48.895077
2.254854;48.896849
2.254854;48.898620
2.254854;48.900392
2.254854;48.902164
2.254854;48.903935
2.257549;48.815284
2.257549;48.817059
2.257549;48.818833
2.257549;48.820607
2.257549;48.822382
2.257549;48.824156
2.257549;48.825930
2.257549;48.827705
2.257549;48.829479
2.257549;48.831253
2.257549;48.833027
2.257549;48.834801
2.257549;48.836575
2.257549;48.838348
2.257549;48.840122
2.257549;48.841896
2.257549;48.843669
2.257549;48.845443
2.257549;48.847216
2.257549;48.848990
2.257549;48.850763
2.257549;48.852537
2.257549;48.854310
2.257549;48.856083
2.257549;48.857856
2.257549;48.859629
2.257549;48.861402
2.257549;48.863175
2.257549;48.864948
2.257549;48.866721
2.257549;48.868493
2.257549;48.870266
2.257549;48.872039
2.257549;48.873811
2.257549;48.875584
2.257549;48.877356
2.257549;48.879129
2.257549;48.880901
2.257549;48.882673
2.257549;48.884445
2.257549;48.886217
2.257549;48.887989
2.257549;48.889761
2.257549;48.891533
2.257549;48.893305
2.257549;48.895077
2.257549;48.896849
2.257549;48.898620
2.257549;48.900392
2.257549;48.902164
2.257549;48.903935
2.260244;48.815284
2.260244;48.817059
2.260244;48.818833
2.260244;48.820607
2.260244;48.822382
2.260244;48.824156
2.260244;48.825930
2.260244;48.827705
2.260244;48.829479
2.260244;48.831253
2.260244;48.833027
2.260244;48.834801
2.260244;48.836575
2.260244;48.838348
2.260244;48.840122
2.260244;48.841896
2.260244;48.843669
2.260244;48.845443
2.260244;48.847216
2.260244;48.848990
2.260244;48.850763
2.260244;48.852537
2.260244;48.854310
2.260244;48.856083
2.260244;48.857856
2.260244;48.859629
2.260244;48.861402
2.260244;48.863175
2.260244;48.864948
2.260244;48.866721
2.260244;48.868493
2.260244;48.870266
2.260244;48.872039
2.260244;48.873811
2.260244;48.875584
2.260244;48.877356
2.260244;48.879129
2.260244;48.880901
2.260244;48.882673
2.260244;48.884445
2.260244;48.886217
2.260244;48.887989
2.260244;48.889761
2.260244;48.891533
2.260244;48.893305
2.260244;48.895077
2.260244;48.896849
2.260244;48.898620
2.260244;48.900392
2.260244;48.902164
2.260244;48.903935
2.262939;48.815284
2.262939;48.817059
2.262939;48.818833
2.262939;48.820607
2.262939;48.822382
2.262939;48.824156
2.262939;48.825930
2.262939;48.827705
2.262939;48.829479
2.262939;48.831253
2.262939;48.833027
2.262939;48.834801
2.262939;48.836575
2.262939;48.838348
2.262939;48.840122
2.262939;48.841896
2.262939;48.843669
2.262939;48.845443
2.262939;48.847216
2.262939;48.848990
2.262939;48.850763
2.262939;48.852537
2.262939;48.854310
2.262939;48.856083
2.262939;48.857856
2.262939;48.859629
2.262939;48.861402
2.262939;48.863175
2.262939;48.864948
2.262939;48.866721
2.262939;48.868493
2.262939;48.870266
2.262939;48.872039
2.262939;48.873811
2.262939;48.875584
2.262939;48.877356
2.262939;48.879129
2.262939;48.880901
2.262939;48.882673
2.262939;48.884445
2.262939;48.886217
2.262939;48.887989
2.262939;48.889761
2.262939;48.891533
2.262939;48.893305
2.262939;48.895077
2.262939;48.896849
2.262939;48.898620
2.262939;48.900392
2.262939;48.902164
2.262939;48.903935
2.265634;48.815284
2.265634;48.817059
2.265634;48.818833
2.265634;48.820607
2.265634;48.822382
2.265634;48.824156
2.265634;48.825930
2.265634;48.827705
2.265634;48.829479
2.265634;48.831253
2.265634;48.833027
2.265634;48.834801
2.265634;48.836575
2.265634;48.838348
2.265634;48.840122
2.265634;48.841896
2.265634;48.843669
2.265634;48.845443
2.265634;48.847216
2.265634;48.848990
2.265634;48.850763
2.265634;48.852537
2.265634;48.854310
2.265634;48.856083
2.265634;48.857856
2.265634;48.859629
2.265634;48.861402
2.265634;48.863175
2.265634;48.864948
2.265634;48.866721
2.265634;48.868493
2.265634;48.870266
2.265634;48.872039
2.265634;48.873811
2.265634;48.875584
2.265634;48.877356
2.265634;48.879129
2.265634;48.880901
2.265634;48.882673
2.265634;48.884445
2.265634;48.886217
2.265634;48.887989
2.265634;48.889761
2.265634;48.891533
2.265634;48.893305
2.265634;48.895077
2.265634;48.896849
2.265634;48.898620
2.265634;48.900392
2.265634;48.902164
2.265634;48.903935
2.268329;48.815284
2.268329;48.817059
2.268329;48.818833
2.268329;48.820607
2.268329;48.822382
2.268329;48.824156
2.268329;48.825930
2.268329;48.827705
2.268329;48.829479
2.268329;48.831253
2.268329;48.833027
2.268329;48.834801
2.268329;48.836575
2.268329;48.838348
2.268329;48.840122
2.268329;48.841896
2.268329;48.843669
2.268329;48.845443
2.268329;48.847216
2.268329;48.848990
2.268329;48.850763
2.268329;48.852537
2.268329;48.854310
2.268329;48.856083
2.268329;48.857856
2.268329;48.859629
2.268329;48.861402
2.268329;48.863175
2.268329;48.864948
2.268329;48.866721
2.268329;48.868493
2.268329;48.870266
2.268329;48.872039
2.268329;48.873811
2.268329;48.875584
2.268329;48.877356
2.268329;48.879129
2.268329;48.880901
2.268329;48.882673
2.268329;48.884445
2.268329;48.886217
2.268329;48.887989
2.268329;48.889761
2.268329;48.891533
2.268329;48.893305
2.268329;48.895077
2.268329;48.896849
2.268329;48.898620
2.268329;48.900392
2.268329;48.902164
2.268329;48.903935
2.271024;48.815284
2.271024;48.817059
2.271024;48.818833
2.271024;48.820607
2.271024;48.822382
2.271024;48.824156
2.271024;48.825930
2.271024;48.827705
2.271024;48.829479
2.271024;48.831253
2.271024;48.833027
2.271024;48.834801
2.271024;48.836575
2.271024;48.838348
2.271024;48.840122
2.271024;48.841896
2.271024;48.843669
2.271024;48.845443
2.271024;48.847216
2.271024;48.848990
2.271024;48.850763
2.271024;48.852537
2.271024;48.854310
2.271024;48.856083
2.271024;48.857856
2.271024;48.859629
2.271024;48.861402
2.271024;48.863175
2.271024;48.864948
2.271024;48.866721
2.271024;48.868493
2.271024;48.870266
2.271024;48.872039
2.271024;48.873811
2.271024;48.875584
2.271024;48.877356
2.271024;48.879129
2.271024;48.880901
2.271024;48.882673
2.271024;48.884445
2.271024;48.886217
2.271024;48.887989
2.271024;48.889761
2.271024;48.891533
2.271024;48.893305
2.271024;48.895077
2.271024;48.896849
2.271024;48.898620
2.271024;48.900392
2.271024;48.902164
2.271024;48.903935
2.273719;48.815284
2.273719;48.817059
2.273719;48.818833
2.273719;48.820607
2.273719;48.822382
2.273719;48.824156
2.273719;48.825930
2.273719;48.827705
2.273719;48.829479
2.273719;48.831253
2.273719;48.833027
2.273719;48.834801
2.273719;48.836575
2.273719;48.838348
2.273719;48.840122
2.273719;48.841896
2.273719;48.843669
2.273719;48.845443
2.273719;48.847216
2.273719;48.848990
2.273719;48.850763
2.273719;48.852537
2.273719;48.854310
2.273719;48.856083
2.273719;48.857856
2.273719;48.859629
2.273719;48.861402
2.273719;48.863175
2.273719;48.864948
2.273719;48.866721
2.273719;48.868493
2.273719;48.870266
2.273719;48.872039
2.273719;48.873811
2.273719;48.875584
2.273719;48.877356
2.273719;48.879129
2.273719;48.880901
2.273719;48.882673
2.273719;48.884445
2.273719;48.886217
2.273719;48.887989
2.273719;48.889761
2.273719;48.891533
2.273719;48.893305
2.273719;48.895077
2.273719;48.896849
2.273719;48.898620
2.273719;48.900392
2.273719;48.902164
2.273719;48.903935
2.276413;48.815284
2.276413;48.817059
2.276413;48.818833
2.276413;48.820607
2.276413;48.822382
2.276413;48.824156
2.276413;48.825930
2.276413;48.827705
2.276413;48.829479
2.276413;48.831253
2.276413;48.833027
2.276413;48.834801
2.276413;48.836575
2.276413;48.838348
2.276413;48.840122
2.276413;48.841896
2.276413;48.843669
2.276413;48.845443
2.276413;48.847216
2.276413;48.848990
2.276413;48.850763
2.276413;48.852537
2.276413;48.854310
2.276413;48.856083
2.276413;48.857856
2.276413;48.859629
2.276413;48.861402
2.276413;48.863175
2.276413;48.864948
2.276413;48.866721
2.276413;48.868493
2.276413;48.870266
2.276413;48.872039
2.276413;48.873811
2.276413;48.875584
2.276413;48.877356
2.276413;48.879129
2.276413;48.880901
2.276413;48.882673
2.276413;48.884445
2.276413;48.886217
2.276413;48.887989
2.276413;48.889761
2.276413;48.891533
2.276413;48.893305
2.276413;48.895077
2.276413;48.896849
2.276413;48.898620
2.276413;48.900392
2.276413;48.902164
2.276413;48.903935
2.279108;48.815284
2.279108;48.817059
2.279108;48.818833
2.279108;48.820607
2.279108;48.822382
2.279108;48.824156
2.279108;48.825930
2.279108;48.827705
2.279108;48.829479
2.279108;48.831253
2.279108;48.833027
2.279108;48.834801
2.279108;48.836575
2.279108;48.838348
2.279108;48.840122
2.279108;48.841896
2.279108;48.843669
2.279108;48.845443
2.279108;48.847216
2.279108;48.848990
2.279108;48.850763
2.279108;48.852537
2.279108;48.854310
2.279108;48.856083
2.279108;48.857856
2.279108;48.859629
2.279108;48.861402
2.279108;48.863175
2.279108;48.864948
2.279108;48.866721
2.279108;48.868493
2.279108;48.870266
2.279108;48.872039
2.279108;48.873811
2.279108;48.875584
2.279108;48.877356
2.279108;48.879129
2.279108;48.880901
2.279108;48.882673
2.279108;48.884445
2.279108;48.886217
2.279108;48.887989
2.279108;48.889761
2.279108;48.891533
2.279108;48.893305
2.279108;48.895077
2.279108;48.896849
2.279108;48.898620
2.279108;48.900392
2.279108;48.902164
2.279108;48.903935
2.281803;48.815284
2.281803;48.817059
2.281803;48.818833
2.281803;48.820607
2.281803;48.822382
2.281803;48.824156
2.281803;48.825930
2.281803;48.827705
2.281803;48.829479
2.281803;48.831253
2.281803;48.833027
2.281803;48.834801
2.281803;48.836575
2.281803;48.838348
2.281803;48.840122
2.281803;48.841896
2.281803;48.843669
2.281803;48.845443
2.281803;48.847216
2.281803;48.848990
2.281803;48.850763
2.281803;48.852537
2.281803;48.854310
2.281803;48.856083
2.281803;48.857856
2.281803;48.859629
2.281803;48.861402
2.281803;48.863175
2.281803;48.864948
2.281803;48.866721
2.281803;48.868493
2.281803;48.870266
2.281803;48.872039
2.281803;48.873811
2.281803;48.875584
2.281803;48.877356
2.281803;48.879129
2.281803;48.880901
2.281803;48.882673
2.281803;48.884445
2.281803;48.886217
2.281803;48.887989
2.281803;48.889761
2.281803;48.891533
2.281803;48.893305
2.281803;48.895077
2.281803;48.896849
2.281803;48.898620
2.281803;48.900392
2.281803;48.902164
2.281803;48.903935
2.284498;48.815284
2.284498;48.817059
2.284498;48.818833
2.284498;48.820607
2.284498;48.822382
2.284498;48.824156
2.284498;48.825930
2.284498;48.827705
2.284498;48.829479
2.284498;48.831253
2.284498;48.833027
2.284498;48.834801
2.284498;48.836575
2.284498;48.838348
2.284498;48.840122
2.284498;48.841896
2.284498;48.843669
2.284498;48.845443
2.284498;48.847216
2.284498;48.848990
2.284498;48.850763
2.284498;48.852537
2.284498;48.854310
2.284498;48.856083
2.284498;48.857856
2.284498;48.859629
2.284498;48.861402
2.284498;48.863175
2.284498;48.864948
2.284498;48.866721
2.284498;48.868493
2.284498;48.870266
2.284498;48.872039
2.284498;48.873811
2.284498;48.875584
2.284498;48.877356
2.284498;48.879129
2.284498;48.880901
2.284498;48.882673
2.284498;48.884445
2.284498;48.886217
2.284498;48.887989
2.284498;48.889761
2.284498;48.891533
2.284498;48.893305
2.284498;48.895077
2.284498;48.896849
2.284498;48.898620
2.284498;48.900392
2.284498;48.902164
2.284498;48.903935
2.287193;48.815284
2.287193;48.817059
2.287193;48.818833
2.287193;48.820607
2.287193;48.822382
2.287193;48.824156
2.287193;48.825930
2.287193;48.827705
2.287193;48.829479
2.287193;48.831253
2.287193;48.833027
2.287193;48.834801
2.287193;48.836575
2.287193;48.838348
2.287193;48.840122
2.287193;48.841896
2.287193;48.843669
2.287193;48.845443
2.287193;48.847216
2.287193;48.848990
2.287193;48.850763
2.287193;48.852537
2.287193;48.854310
2.287193;48.856083
2.287193;48.857856
2.287193;48.859629
2.287193;48.861402
2.287193;48.863175
2.287193;48.864948
2.287193;48.866721
2.287193;48.868493
2.287193;48.870266
2.287193;48.872039
2.287193;48.873811
2.287193;48.875584
2.287193;48.877356
2.287193;48.879129
2.287193;48.880901
2.287193;48.882673
2.287193;48.884445
2.287193;48.886217
2.287193;48.887989
2.287193;48.889761
2.287193;48.891533
2.287193;48.893305
2.287193;48.895077
2.287193;48.896849
2.287193;48.898620
2.287193;48.900392
2.287193;48.902164
2.287193;48.903935
2.289888;48.815284
2.289888;48.817059
2.289888;48.818833
2.289888;48.820607
2.289888;48.822382
2.289888;48.824156
2.289888;48.825930
2.289888;48.827705
2.289888;48.829479
2.289888;48.831253
2.289888;48.833027
2.289888;48.834801
2.289888;48.836575
2.289888;48.838348
2.289888;48.840122
2.289888;48.841896
2.289888;48.843669
2.289888;48.845443
2.289888;48.847216
2.289888;48.848990
2.289888;48.850763
2.289888;48.852537
2.289888;48.854310
2.289888;48.856083
2.289888;48.857856
2.289888;48.859629
2.289888;48.861402
2.289888;48.863175
2.289888;48.864948
2.289888;48.866721
2.289888;48.868493
2.289888;48.870266
2.289888;48.872039
2.289888;48.873811
2.289888;48.875584
2.289888;48.877356
2.289888;48.879129
2.289888;48.880901
2.289888;48.882673
2.289888;48.884445
2.289888;48.886217
2.289888;48.887989
2.289888;48.889761
2.289888;48.891533
2.289888;48.893305
2.289888;48.895077
2.289888;48.896849
2.289888;48.898620
2.289888;48.900392
2.289888;48.902164
2.289888;48.903935
2.292583;48.815284
2.292583;48.817059
2.292583;48.818833
2.292583;48.820607
2.292583;48.822382
2.292583;48.824156
2.292583;48.825930
2.292583;48.827705
2.292583;48.829479
2.292583;48.831253
2.292583;48.833027
2.292583;48.834801
2.292583;48.836575
2.292583;48.838348
2.292583;48.840122
2.292583;48.841896
2.292583;48.843669
2.292583;48.845443
2.292583;48.847216
2.292583;48.848990
2.292583;48.850763
2.292583;48.852537
2.292583;48.854310
2.292583;48.856083
2.292583;48.857856
2.292583;48.859629
2.292583;48.861402
2.292583;48.863175
2.292583;48.864948
2.292583;48.866721
2.292583;48.868493
2.292583;48.870266
2.292583;48.872039
2.292583;48.873811
2.292583;48.875584
2.292583;48.877356
2.292583;48.879129
2.292583;48.880901
2.292583;48.882673
2.292583;48.884445
2.292583;48.886217
2.292583;48.887989
2.292583;48.889761
2.292583;48.891533
2.292583;48.893305
2.292583;48.895077
2.292583;48.896849
2.292583;48.898620
2.292583;48.900392
2.292583;48.902164
2.292583;48.903935
2.295278;48.815284
2.295278;48.817059
2.295278;48.818833
2.295278;48.820607
2.295278;48.822382
2.295278;48.824156
2.295278;48.825930
2.295278;48.827705
2.295278;48.829479
2.295278;48.831253
2.295278;48.833027
2.295278;48.834801
2.295278;48.836575
2.295278;48.838348
2.295278;48.840122
2.295278;48.841896
2.295278;48.843669
2.295278;48.845443
2.295278;48.847216
2.295278;48.848990
2.295278;48.850763
2.295278;48.852537
2.295278;48.854310
2.295278;48.856083
2.295278;48.857856
2.295278;48.859629
2.295278;48.861402
2.295278;48.863175
2.295278;48.864948
2.295278;48.866721
2.295278;48.868493
2.295278;48.870266
2.295278;48.872039
2.295278;48.873811
2.295278;48.875584
2.295278;48.877356
2.295278;48.879129
2.295278;48.880901
2.295278;48.882673
2.295278;48.884445
2.295278;48.886217
2.295278;48.887989
2.295278;48.889761
2.295278;48.891533
2.295278;48.893305
2.295278;48.895077
2.295278;48.896849
2.295278;48.898620
2.295278;48.900392
2.295278;48.902164
2.295278;48.903935
2.297973;48.815284
2.297973;48.817059
2.297973;48.818833
2.297973;48.820607
2.297973;48.822382
2.297973;48.824156
2.297973;48.825930
2.297973;48.827705
2.297973;48.829479
2.297973;48.831253
2.297973;48.833027
2.297973;48.834801
2.297973;48.836575
2.297973;48.838348
2.297973;48.840122
2.297973;48.841896
2.297973;48.843669
2.297973;48.845443
2.297973;48.847216
2.297973;48.848990
2.297973;48.850763
2.297973;48.852537
2.297973;48.854310
2.297973;48.856083
2.297973;48.857856
2.297973;48.859629
2.297973;48.861402
2.297973;48.863175
2.297973;48.864948
2.297973;48.866721
2.297973;48.868493
2.297973;48.870266
2.297973;48.872039
2.297973;48.873811
2.297973;48.875584
2.297973;48.877356
2.297973;48.879129
2.297973;48.880901
2.297973;48.882673
2.297973;48.884445
2.297973;48.886217
2.297973;48.887989
2.297973;48.889761
2.297973;48.891533
2.297973;48.893305
2.297973;48.895077
2.297973;48.896849
2.297973;48.898620
2.297973;48.900392
2.297973;48.902164
2.297973;48.903935
2.300668;48.815284
2.300668;48.817059
2.300668;48.818833
2.300668;48.820607
2.300668;48.822382
2.300668;48.824156
2.300668;48.825930
2.300668;48.827705
2.300668;48.829479
2.300668;48.831253
2.300668;48.833027
2.300668;48.834801
2.300668;48.836575
2.300668;48.838348
2.300668;48.840122
2.300668;48.841896
2.300668;48.843669
2.300668;48.845443
2.300668;48.847216
2.300668;48.848990
2.300668;48.850763
2.300668;48.852537
2.300668;48.854310
2.300668;48.856083
2.300668;48.857856
2.300668;48.859629
2.300668;48.861402
2.300668;48.863175
2.300668;48.864948
2.300668;48.866721
2.300668;48.868493
2.300668;48.870266
2.300668;48.872039
2.300668;48.873811
2.300668;48.875584
2.300668;48.877356
2.300668;48.879129
2.300668;48.880901
2.300668;48.882673
2.300668;48.884445
2.300668;48.886217
2.300668;48.887989
2.300668;48.889761
2.300668;48.891533
2.300668;48.893305
2.300668;48.895077
2.300668;48.896849
2.300668;48.898620
2.300668;48.900392
2.300668;48.902164
2.300668;48.903935
2.303363;48.815284
2.303363;48.817059
2.303363;48.818833
2.303363;48.820607
2.303363;48.822382
2.303363;48.824156
2.303363;48.825930
2.303363;48.827705
2.303363;48.829479
2.303363;48.831253
2.303363;48.833027
2.303363;48.834801
2.303363;48.836575
2.303363;48.838348
2.303363;48.840122
2.303363;48.841896
2.303363;48.843669
2.303363;48.845443
2.303363;48.847216
2.303363;48.848990
2.303363;48.850763
2.303363;48.852537
2.303363;48.854310
2.303363;48.856083
2.303363;48.857856
2.303363;48.859629
2.303363;48.861402
2.303363;48.863175
2.303363;48.864948
2.303363;48.866721
2.303363;48.868493
2.303363;48.870266
2.303363;48.872039
2.303363;48.873811
2.303363;48.875584
2.303363;48.877356
2.303363;48.879129
2.303363;48.880901
2.303363;48.882673
2.303363;48.884445
2.303363;48.886217
2.303363;48.887989
2.303363;48.889761
2.303363;48.891533
2.303363;48.893305
2.303363;48.895077
2.303363;48.896849
2.303363;48.898620
2.303363;48.900392
2.303363;48.902164
2.303363;48.903935
2.306058;48.815284
2.306058;48.817059
2.306058;48.818833
2.306058;48.820607
2.306058;48.822382
2.306058;48.824156
2.306058;48.825930
2.306058;48.827705
2.306058;48.829479
2.306058;48.831253
2.306058;48.833027
2.306058;48.834801
2.306058;48.836575
2.306058;48.838348
2.306058;48.840122
2.306058;48.841896
2.306058;48.843669
2.306058;48.845443
2.306058;48.847216
2.306058;48.848990
2.306058;48.850763
2.306058;48.852537
2.306058;48.854310
2.306058;48.856083
2.306058;48.857856
2.306058;48.859629
2.306058;48.861402
2.306058;48.863175
2.306058;48.864948
2.306058;48.866721
2.306058;48.868493
2.306058;48.870266
2.306058;48.872039
2.306058;48.873811
2.306058;48.875584
2.306058;48.877356
2.306058;48.879129
2.306058;48.880901
2.306058;48.882673
2.306058;48.884445
2.306058;48.886217
2.306058;48.887989
2.306058;48.889761
2.306058;48.891533
2.306058;48.893305
2.306058;48.895077
2.306058;48.896849
2.306058;48.898620
2.306058;48.900392
2.306058;48.902164
2.306058;48.903935
2.308753;48.815284
2.308753;48.817059
2.308753;48.818833
2.308753;48.820607
2.308753;48.822382
2.308753;48.824156
2.308753;48.825930
2.308753;48.827705
2.308753;48.829479
2.308753;48.831253
2.308753;48.833027
2.308753;48.834801
2.308753;48.836575
2.308753;48.838348
2.308753;48.840122
2.308753;48.841896
2.308753;48.843669
2.308753;48.845443
2.308753;48.847216
2.308753;48.848990
2.308753;48.850763
2.308753;48.852537
2.308753;48.854310
2.308753;48.856083
2.308753;48.857856
2.308753;48.859629
2.308753;48.861402
2.308753;48.863175
2.308753;48.864948
2.308753;48.866721
2.308753;48.868493
2.308753;48.870266
2.308753;48.872039
2.308753;48.873811
2.308753;48.875584
2.308753;48.877356
2.308753;48.879129
2.308753;48.880901
2.308753;48.882673
2.308753;48.884445
2.308753;48.886217
2.308753;48.887989
2.308753;48.889761
2.308753;48.891533
2.308753;48.893305
2.308753;48.895077
2.308753;48.896849
2.308753;48.898620
2.308753;48.900392
2.308753;48.902164
2.308753;48.903935
2.311448;48.815284
2.311448;48.817059
2.311448;48.818833
2.311448;48.820607
2.311448;48.822382
2.311448;48.824156
2.311448;48.825930
2.311448;48.827705
2.311448;48.829479
2.311448;48.831253
2.311448;48.833027
2.311448;48.834801
2.311448;48.836575
2.311448;48.838348
2.311448;48.840122
2.311448;48.841896
2.311448;48.843669
2.311448;48.845443
2.311448;48.847216
2.311448;48.848990
2.311448;48.850763
2.311448;48.852537
2.311448;48.854310
2.311448;48.856083
2.311448;48.857856
2.311448;48.859629
2.311448;48.861402
2.311448;48.863175
2.311448;48.864948
2.311448;48.866721
2.311448;48.868493
2.311448;48.870266
2.311448;48.872039
2.311448;48.873811
2.311448;48.875584
2.311448;48.877356
2.311448;48.879129
2.311448;48.880901
2.311448;48.882673
2.311448;48.884445
2.311448;48.886217
2.311448;48.887989
2.311448;48.889761
2.311448;48.891533
2.311448;48.893305
2.311448;48.895077
2.311448;48.896849
2.311448;48.898620
2.311448;48.900392
2.311448;48.902164
2.311448;48.903935
2.314143;48.815284
2.314143;48.817059
2.314143;48.818833
2.314143;48.820607
2.314143;48.822382
2.314143;48.824156
2.314143;48.825930
2.314143;48.827705
2.314143;48.829479
2.314143;48.831253
2.314143;48.833027
2.314143;48.834801
2.314143;48.836575
2.314143;48.838348
2.314143;48.840122
2.314143;48.841896
2.314143;48.843669
2.314143;48.845443
2.314143;48.847216
2.314143;48.848990
2.314143;48.850763
2.314143;48.852537
2.314143;48.854310
2.314143;48.856083
2.314143;48.857856
2.314143;48.859629
2.314143;48.861402
2.314143;48.863175
2.314143;48.864948
2.314143;48.866721
2.314143;48.868493
2.314143;48.870266
2.314143;48.872039
2.314143;48.873811
2.314143;48.875584
2.314143;48.877356
2.314143;48.879129
2.314143;48.880901
2.314143;48.882673
2.314143;48.884445
2.314143;48.886217
2.314143;48.887989
2.314143;48.889761
2.314143;48.891533
2.314143;48.893305
2.314143;48.895077
2.314143;48.896849
2.314143;48.898620
2.314143;48.900392
2.314143;48.902164
2.314143;48.903935
2.316838;48.815284
2.316838;48.817059
2.316838;48.818833
2.316838;48.820607
2.316838;48.822382
2.316838;48.824156
2.316838;48.825930
2.316838;48.827705
2.316838;48.829479
2.316838;48.831253
2.316838;48.833027
2.316838;48.834801
2.316838;48.836575
2.316838;48.838348
2.316838;48.840122
2.316838;48.841896
2.316838;48.843669
2.316838;48.845443
2.316838;48.847216
2.316838;48.848990
2.316838;48.850763
2.316838;48.852537
2.316838;48.854310
2.316838;48.856083
2.316838;48.857856
2.316838;48.859629
2.316838;48.861402
2.316838;48.863175
2.316838;48.864948
2.316838;48.866721
2.316838;48.868493
2.316838;48.870266
2.316838;48.872039
2.316838;48.873811
2.316838;48.875584
2.316838;48.877356
2.316838;48.879129
2.316838;48.880901
2.316838;48.882673
2.316838;48.884445
2.316838;48.886217
2.316838;48.887989
2.316838;48.889761
2.316838;48.891533
2.316838;48.893305
2.316838;48.895077
2.316838;48.896849
2.316838;48.898620
2.316838;48.900392
2.316838;48.902164
2.316838;48.903935
2.319533;48.815284
2.319533;48.817059
2.319533;48.818833
2.319533;48.820607
2.319533;48.822382
2.319533;48.824156
2.319533;48.825930
2.319533;48.827705
2.319533;48.829479
2.319533;48.831253
2.319533;48.833027
2.319533;48.834801
2.319533;48.836575
2.319533;48.838348
2.319533;48.840122
2.319533;48.841896
2.319533;48.843669
2.319533;48.845443
2.319533;48.847216
2.319533;48.848990
2.319533;48.850763
2.319533;48.852537
2.319533;48.854310
2.319533;48.856083
2.319533;48.857856
2.319533;48.859629
2.319533;48.861402
2.319533;48.863175
2.319533;48.864948
2.319533;48.866721
2.319533;48.868493
2.319533;48.870266
2.319533;48.872039
2.319533;48.873811
2.319533;48.875584
2.319533;48.877356
2.319533;48.879129
2.319533;48.880901
2.319533;48.882673
2.319533;48.884445
2.319533;48.886217
2.319533;48.887989
2.319533;48.889761
2.319533;48.891533
2.319533;48.893305
2.319533;48.895077
2.319533;48.896849
2.319533;48.898620
2.319533;48.900392
2.319533;48.902164
2.319533;48.903935
2.322228;48.815284
2.322228;48.817059
2.322228;48.818833
2.322228;48.820607
2.322228;48.822382
2.322228;48.824156
2.322228;48.825930
2.322228;48.827705
2.322228;48.829479
2.322228;48.831253
2.322228;48.833027
2.322228;48.834801
2.322228;48.836575
2.322228;48.838348
2.322228;48.840122
2.322228;48.841896
2.322228;48.843669
2.322228;48.845443
2.322228;48.847216
2.322228;48.848990
2.322228;48.850763
2.322228;48.852537
2.322228;48.854310
2.322228;48.856083
2.322228;48.857856
2.322228;48.859629
2.322228;48.861402
2.322228;48.863175
2.322228;48.864948
2.322228;48.866721
2.322228;48.868493
2.322228;48.870266
2.322228;48.872039
2.322228;48.873811
2.322228;48.875584
2.322228;48.877356
2.322228;48.879129
2.322228;48.880901
2.322228;48.882673
2.322228;48.884445
2.322228;48.886217
2.322228;48.887989
2.322228;48.889761
2.322228;48.891533
2.322228;48.893305
2.322228;48.895077
2.322228;48.896849
2.322228;48.898620
2.322228;48.900392
2.322228;48.902164
2.322228;48.903935
2.324922;48.815284
2.324922;48.817059
2.324922;48.818833
2.324922;48.820607
2.324922;48.822382
2.324922;48.824156
2.324922;48.825930
2.324922;48.827705
2.324922;48.829479
2.324922;48.831253
2.324922;48.833027
2.324922;48.834801
2.324922;48.836575
2.324922;48.838348
2.324922;48.840122
2.324922;48.841896
2.324922;48.843669
2.324922;48.845443
2.324922;48.847216
2.324922;48.848990
2.324922;48.850763
2.324922;48.852537
2.324922;48.854310
2.324922;48.856083
2.324922;48.857856
2.324922;48.859629
2.324922;48.861402
2.324922;48.863175
2.324922;48.864948
2.324922;48.866721
2.324922;48.868493
2.324922;48.870266
2.324922;48.872039
2.324922;48.873811
2.324922;48.875584
2.324922;48.877356
2.324922;48.879129
2.324922;48.880901
2.324922;48.882673
2.324922;48.884445
2.324922;48.886217
2.324922;48.887989
2.324922;48.889761
2.324922;48.891533
2.324922;48.893305
2.324922;48.895077
2.324922;48.896849
2.324922;48.898620
2.324922;48.900392
2.324922;48.902164
2.324922;48.903935
2.327617;48.815284
2.327617;48.817059
2.327617;48.818833
2.327617;48.820607
2.327617;48.822382
2.327617;48.824156
2.327617;48.825930
2.327617;48.827705
2.327617;48.829479
2.327617;48.831253
2.327617;48.833027
2.327617;48.834801
2.327617;48.836575
2.327617;48.838348
2.327617;48.840122
2.327617;48.841896
2.327617;48.843669
2.327617;48.845443
2.327617;48.847216
2.327617;48.848990
2.327617;48.850763
2.327617;48.852537
2.327617;48.854310
2.327617;48.856083
2.327617;48.857856
2.327617;48.859629
2.327617;48.861402
2.327617;48.863175
2.327617;48.864948
2.327617;48.866721
2.327617;48.868493
2.327617;48.870266
2.327617;48.872039
2.327617;48.873811
2.327617;48.875584
2.327617;48.877356
2.327617;48.879129
2.327617;48.880901
2.327617;48.882673
2.327617;48.884445
2.327617;48.886217
2.327617;48.887989
2.327617;48.889761
2.327617;48.891533
2.327617;48.893305
2.327617;48.895077
2.327617;48.896849
2.327617;48.898620
2.327617;48.900392
2.327617;48.902164
2.327617;48.903935
2.330312;48.815284
2.330312;48.817059
2.330312;48.818833
2.330312;48.820607
2.330312;48.822382
2.330312;48.824156
2.330312;48.825930
2.330312;48.827705
2.330312;48.829479
2.330312;48.831253
2.330312;48.833027
2.330312;48.834801
2.330312;48.836575
2.330312;48.838348
2.330312;48.840122
2.330312;48.841896
2.330312;48.843669
2.330312;48.845443
2.330312;48.847216
2.330312;48.848990
2.330312;48.850763
2.330312;48.852537
2.330312;48.854310
2.330312;48.856083
2.330312;48.857856
2.330312;48.859629
2.330312;48.861402
2.330312;48.863175
2.330312;48.864948
2.330312;48.866721
2.330312;48.868493
2.330312;48.870266
2.330312;48.872039
2.330312;48.873811
2.330312;48.875584
2.330312;48.877356
2.330312;48.879129
2.330312;48.880901
2.330312;48.882673
2.330312;48.884445
2.330312;48.886217
2.330312;48.887989
2.330312;48.889761
2.330312;48.891533
2.330312;48.893305
2.330312;48.895077
2.330312;48.896849
2.330312;48.898620
2.330312;48.900392
2.330312;48.902164
2.330312;48.903935
2.333007;48.815284
2.333007;48.817059
2.333007;48.818833
2.333007;48.820607
2.333007;48.822382
2.333007;48.824156
2.333007;48.825930
2.333007;48.827705
2.333007;48.829479
2.333007;48.831253
2.333007;48.833027
2.333007;48.834801
2.333007;48.836575
2.333007;48.838348
2.333007;48.840122
2.333007;48.841896
2.333007;48.843669
2.333007;48.845443
2.333007;48.847216
2.333007;48.848990
2.333007;48.850763
2.333007;48.852537
2.333007;48.854310
2.333007;48.856083
2.333007;48.857856
2.333007;48.859629
2.333007;48.861402
2.333007;48.863175
2.333007;48.864948
2.333007;48.866721
2.333007;48.868493
2.333007;48.870266
2.333007;48.872039
2.333007;48.873811
2.333007;48.875584
2.333007;48.877356
2.333007;48.879129
2.333007;48.880901
2.333007;48.882673
2.333007;48.884445
2.333007;48.886217
2.333007;48.887989
2.333007;48.889761
2.333007;48.891533
2.333007;48.893305
2.333007;48.895077
2.333007;48.896849
2.333007;48.898620
2.333007;48.900392
2.333007;48.902164
2.333007;48.903935
2.335702;48.815284
2.335702;48.817059
2.335702;48.818833
2.335702;48.820607
2.335702;48.822382
2.335702;48.824156
2.335702;48.825930
2.335702;48.827705
2.335702;48.829479
2.335702;48.831253
2.335702;48.833027
2.335702;48.834801
2.335702;48.836575
2.335702;48.838348
2.335702;48.840122
2.335702;48.841896
2.335702;48.843669
2.335702;48.845443
2.335702;48.847216
2.335702;48.848990
2.335702;48.850763
2.335702;48.852537
2.335702;48.854310
2.335702;48.856083
2.335702;48.857856
2.335702;48.859629
2.335702;48.861402
2.335702;48.863175
2.335702;48.864948
2.335702;48.866721
2.335702;48.868493
2.335702;48.870266
2.335702;48.872039
2.335702;48.873811
2.335702;48.875584
2.335702;48.877356
2.335702;48.879129
2.335702;48.880901
2.335702;48.882673
2.335702;48.884445
2.335702;48.886217
2.335702;48.887989
2.335702;48.889761
2.335702;48.891533
2.335702;48.893305
2.335702;48.895077
2.335702;48.896849
2.335702;48.898620
2.335702;48.900392
2.335702;48.902164
2.335702;48.903935
2.338397;48.815284
2.338397;48.817059
2.338397;48.818833
2.338397;48.820607
2.338397;48.822382
2.338397;48.824156
2.338397;48.825930
2.338397;48.827705
2.338397;48.829479
2.338397;48.831253
2.338397;48.833027
2.338397;48.834801
2.338397;48.836575
2.338397;48.838348
2.338397;48.840122
2.338397;48.841896
2.338397;48.843669
2.338397;48.845443
2.338397;48.847216
2.338397;48.848990
2.338397;48.850763
2.338397;48.852537
2.338397;48.854310
2.338397;48.856083
2.338397;48.857856
2.338397;48.859629
2.338397;48.861402
2.338397;48.863175
2.338397;48.864948
2.338397;48.866721
2.338397;48.868493
2.338397;48.870266
2.338397;48.872039
2.338397;48.873811
2.338397;48.875584
2.338397;48.877356
2.338397;48.879129
2.338397;48.880901
2.338397;48.882673
2.338397;48.884445
2.338397;48.886217
2.338397;48.887989
2.338397;48.889761
2.338397;48.891533
2.338397;48.893305
2.338397;48.895077
2.338397;48.896849
2.338397;48.898620
2.338397;48.900392
2.338397;48.902164
2.338397;48.903935
2.341092;48.815284
2.341092;48.817059
2.341092;48.818833
2.341092;48.820607
2.341092;48.822382
2.341092;48.824156
2.341092;48.825930
2.341092;48.827705
2.341092;48.829479
2.341092;48.831253
2.341092;48.833027
2.341092;48.834801
2.341092;48.836575
2.341092;48.838348
2.341092;48.840122
2.341092;48.841896
2.341092;48.843669
2.341092;48.845443
2.341092;48.847216
2.341092;48.848990
2.341092;48.850763
2.341092;48.852537
2.341092;48.854310
2.341092;48.856083
2.341092;48.857856
2.341092;48.859629
2.341092;48.861402
2.341092;48.863175
2.341092;48.864948
2.341092;48.866721
2.341092;48.868493
2.341092;48.870266
2.341092;48.872039
2.341092;48.873811
2.341092;48.875584
2.341092;48.877356
2.341092;48.879129
2.341092;48.880901
2.341092;48.882673
2.341092;48.884445
2.341092;48.886217
2.341092;48.887989
2.341092;48.889761
2.341092;48.891533
2.341092;48.893305
2.341092;48.895077
2.341092;48.896849
2.341092;48.898620
2.341092;48.900392
2.341092;48.902164
2.341092;48.903935
2.343787;48.815284
2.343787;48.817059
2.343787;48.818833
2.343787;48.820607
2.343787;48.822382
2.343787;48.824156
2.343787;48.825930
2.343787;48.827705
2.343787;48.829479
2.343787;48.831253
2.343787;48.833027
2.343787;48.834801
2.343787;48.836575
2.343787;48.838348
2.343787;48.840122
2.343787;48.841896
2.343787;48.843669
2.343787;48.845443
2.343787;48.847216
2.343787;48.848990
2.343787;48.850763
2.343787;48.852537
2.343787;48.854310
2.343787;48.856083
2.343787;48.857856
2.343787;48.859629
2.343787;48.861402
2.343787;48.863175
2.343787;48.864948
2.343787;48.866721
2.343787;48.868493
2.343787;48.870266
2.343787;48.872039
2.343787;48.873811
2.343787;48.875584
2.343787;48.877356
2.343787;48.879129
2.343787;48.880901
2.343787;48.882673
2.343787;48.884445
2.343787;48.886217
2.343787;48.887989
2.343787;48.889761
2.343787;48.891533
2.343787;48.893305
2.343787;48.895077
2.343787;48.896849
2.343787;48.898620
2.343787;48.900392
2.343787;48.902164
2.343787;48.903935
2.346482;48.815284
2.346482;48.817059
2.346482;48.818833
2.346482;48.820607
2.346482;48.822382
2.346482;48.824156
2.346482;48.825930
2.346482;48.827705
2.346482;48.829479
2.346482;48.831253
2.346482;48.833027
2.346482;48.834801
2.346482;48.836575
2.346482;48.838348
2.346482;48.840122
2.346482;48.841896
2.346482;48.843669
2.346482;48.845443
2.346482;48.847216
2.346482;48.848990
2.346482;48.850763
2.346482;48.852537
2.346482;48.854310
2.346482;48.856083
2.346482;48.857856
2.346482;48.859629
2.346482;48.861402
2.346482;48.863175
2.346482;48.864948
2.346482;48.866721
2.346482;48.868493
2.346482;48.870266
2.346482;48.872039
2.346482;48.873811
2.346482;48.875584
2.346482;48.877356
2.346482;48.879129
2.346482;48.880901
2.346482;48.882673
2.346482;48.884445
2.346482;48.886217
2.346482;48.887989
2.346482;48.889761
2.346482;48.891533
2.346482;48.893305
2.346482;48.895077
2.346482;48.896849
2.346482;48.898620
2.346482;48.900392
2.346482;48.902164
2.346482;48.903935
2.349177;48.815284
2.349177;48.817059
2.349177;48.818833
2.349177;48.820607
2.349177;48.822382
2.349177;48.824156
2.349177;48.825930
2.349177;48.827705
2.349177;48.829479
2.349177;48.831253
2.349177;48.833027
2.349177;48.834801
2.349177;48.836575
2.349177;48.838348
2.349177;48.840122
2.349177;48.841896
2.349177;48.843669
2.349177;48.845443
2.349177;48.847216
2.349177;48.848990
2.349177;48.850763
2.349177;48.852537
2.349177;48.854310
2.349177;48.856083
2.349177;48.857856
2.349177;48.859629
2.349177;48.861402
2.349177;48.863175
2.349177;48.864948
2.349177;48.866721
2.349177;48.868493
2.349177;48.870266
2.349177;48.872039
2.349177;48.873811
2.349177;48.875584
2.349177;48.877356
2.349177;48.879129
2.349177;48.880901
2.349177;48.882673
2.349177;48.884445
2.349177;48.886217
2.349177;48.887989
2.349177;48.889761
2.349177;48.891533
2.349177;48.893305
2.349177;48.895077
2.349177;48.896849
2.349177;48.898620
2.349177;48.900392
2.349177;48.902164
2.349177;48.903935
2.351872;48.815284
2.351872;48.817059
2.351872;48.818833
2.351872;48.820607
2.351872;48.822382
2.351872;48.824156
2.351872;48.825930
2.351872;48.827705
2.351872;48.829479
2.351872;48.831253
2.351872;48.833027
2.351872;48.834801
2.351872;48.836575
2.351872;48.838348
2.351872;48.840122
2.351872;48.841896
2.351872;48.843669
2.351872;48.845443
2.351872;48.847216
2.351872;48.848990
2.351872;48.850763
2.351872;48.852537
2.351872;48.854310
2.351872;48.856083
2.351872;48.857856
2.351872;48.859629
2.351872;48.861402
2.351872;48.863175
2.351872;48.864948
2.351872;48.866721
2.351872;48.868493
2.351872;48.870266
2.351872;48.872039
2.351872;48.873811
2.351872;48.875584
2.351872;48.877356
2.351872;48.879129
2.351872;48.880901
2.351872;48.882673
2.351872;48.884445
2.351872;48.886217
2.351872;48.887989
2.351872;48.889761
2.351872;48.891533
2.351872;48.893305
2.351872;48.895077
2.351872;48.896849
2.351872;48.898620
2.351872;48.900392
2.351872;48.902164
2.351872;48.903935
2.354567;48.815284
2.354567;48.817059
2.354567;48.818833
2.354567;48.820607
2.354567;48.822382
2.354567;48.824156
2.354567;48.825930
2.354567;48.827705
2.354567;48.829479
2.354567;48.831253
2.354567;48.833027
2.354567;48.834801
2.354567;48.836575
2.354567;48.838348
2.354567;48.840122
2.354567;48.841896
2.354567;48.843669
2.354567;48.845443
2.354567;48.847216
2.354567;48.848990
2.354567;48.850763
2.354567;48.852537
2.354567;48.854310
2.354567;48.856083
2.354567;48.857856
2.354567;48.859629
2.354567;48.861402
2.354567;48.863175
2.354567;48.864948
2.354567;48.866721
2.354567;48.868493
2.354567;48.870266
2.354567;48.872039
2.354567;48.873811
2.354567;48.875584
2.354567;48.877356
2.354567;48.879129
2.354567;48.880901
2.354567;48.882673
2.354567;48.884445
2.354567;48.886217
2.354567;48.887989
2.354567;48.889761
2.354567;48.891533
2.354567;48.893305
2.354567;48.895077
2.354567;48.896849
2.354567;48.898620
2.354567;48.900392
2.354567;48.902164
2.354567;48.903935
2.357262;48.815284
2.357262;48.817059
2.357262;48.818833
2.357262;48.820607
2.357262;48.822382
2.357262;48.824156
2.357262;48.825930
2.357262;48.827705
2.357262;48.829479
2.357262;48.831253
2.357262;48.833027
2.357262;48.834801
2.357262;48.836575
2.357262;48.838348
2.357262;48.840122
2.357262;48.841896
2.357262;48.843669
2.357262;48.845443
2.357262;48.847216
2.357262;48.848990
2.357262;48.850763
2.357262;48.852537
2.357262;48.854310
2.357262;48.856083
2.357262;48.857856
2.357262;48.859629
2.357262;48.861402
2.357262;48.863175
2.357262;48.864948
2.357262;48.866721
2.357262;48.868493
2.357262;48.870266
2.357262;48.872039
2.357262;48.873811
2.357262;48.875584
2.357262;48.877356
2.357262;48.879129
2.357262;48.880901
2.357262;48.882673
2.357262;48.884445
2.357262;48.886217
2.357262;48.887989
2.357262;48.889761
2.357262;48.891533
2.357262;48.893305
2.357262;48.895077
2.357262;48.896849
2.357262;48.898620
2.357262;48.900392
2.357262;48.902164
2.357262;48.903935
2.359957;48.815284
2.359957;48.817059
2.359957;48.818833
2.359957;48.820607
2.359957;48.822382
2.359957;48.824156
2.359957;48.825930
2.359957;48.827705
2.359957;48.829479
2.359957;48.831253
2.359957;48.833027
2.359957;48.834801
2.359957;48.836575
2.359957;48.838348
2.359957;48.840122
2.359957;48.841896
2.359957;48.843669
2.359957;48.845443
2.359957;48.847216
2.359957;48.848990
2.359957;48.850763
2.359957;48.852537
2.359957;48.854310
2.359957;48.856083
2.359957;48.857856
2.359957;48.859629
2.359957;48.861402
2.359957;48.863175
2.359957;48.864948
2.359957;48.866721
2.359957;48.868493
2.359957;48.870266
2.359957;48.872039
2.359957;48.873811
2.359957;48.875584
2.359957;48.877356
2.359957;48.879129
2.359957;48.880901
2.359957;48.882673
2.359957;48.884445
2.359957;48.886217
2.359957;48.887989
2.359957;48.889761
2.359957;48.891533
2.359957;48.893305
2.359957;48.895077
2.359957;48.896849
2.359957;48.898620
2.359957;48.900392
2.359957;48.902164
2.359957;48.903935
2.362652;48.815284
2.362652;48.817059
2.362652;48.818833
2.362652;48.820607
2.362652;48.822382
2.362652;48.824156
2.362652;48.825930
2.362652;48.827705
2.362652;48.829479
2.362652;48.831253
2.362652;48.833027
2.362652;48.834801
2.362652;48.836575
2.362652;48.838348
2.362652;48.840122
2.362652;48.841896
2.362652;48.843669
2.362652;48.845443
2.362652;48.847216
2.362652;48.848990
2.362652;48.850763
2.362652;48.852537
2.362652;48.854310
2.362652;48.856083
2.362652;48.857856
2.362652;48.859629
2.362652;48.861402
2.362652;48.863175
2.362652;48.864948
2.362652;48.866721
2.362652;48.868493
2.362652;48.870266
2.362652;48.872039
2.362652;48.873811
2.362652;48.875584
2.362652;48.877356
2.362652;48.879129
2.362652;48.880901
2.362652;48.882673
2.362652;48.884445
2.362652;48.886217
2.362652;48.887989
2.362652;48.889761
2.362652;48.891533
2.362652;48.893305
2.362652;48.895077
2.362652;48.896849
2.362652;48.898620
2.362652;48.900392
2.362652;48.902164
2.362652;48.903935
2.365347;48.815284
2.365347;48.817059
2.365347;48.818833
2.365347;48.820607
2.365347;48.822382
2.365347;48.824156
2.365347;48.825930
2.365347;48.827705
2.365347;48.829479
2.365347;48.831253
2.365347;48.833027
2.365347;48.834801
2.365347;48.836575
2.365347;48.838348
2.365347;48.840122
2.365347;48.841896
2.365347;48.843669
2.365347;48.845443
2.365347;48.847216
2.365347;48.848990
2.365347;48.850763
2.365347;48.852537
2.365347;48.854310
2.365347;48.856083
2.365347;48.857856
2.365347;48.859629
2.365347;48.861402
2.365347;48.863175
2.365347;48.864948
2.365347;48.866721
2.365347;48.868493
2.365347;48.870266
2.365347;48.872039
2.365347;48.873811
2.365347;48.875584
2.365347;48.877356
2.365347;48.879129
2.365347;48.880901
2.365347;48.882673
2.365347;48.884445
2.365347;48.886217
2.365347;48.887989
2.365347;48.889761
2.365347;48.891533
2.365347;48.893305
2.365347;48.895077
2.365347;48.896849
2.365347;48.898620
2.365347;48.900392
2.365347;48.902164
2.365347;48.903935
2.368042;48.815284
2.368042;48.817059
2.368042;48.818833
2.368042;48.820607
2.368042;48.822382
2.368042;48.824156
2.368042;48.825930
2.368042;48.827705
2.368042;48.829479
2.368042;48.831253
2.368042;48.833027
2.368042;48.834801
2.368042;48.836575
2.368042;48.838348
2.368042;48.840122
2.368042;48.841896
2.368042;48.843669
2.368042;48.845443
2.368042;48.847216
2.368042;48.848990
2.368042;48.850763
2.368042;48.852537
2.368042;48.854310
2.368042;48.856083
2.368042;48.857856
2.368042;48.859629
2.368042;48.861402
2.368042;48.863175
2.368042;48.864948
2.368042;48.866721
2.368042;48.868493
2.368042;48.870266
2.368042;48.872039
2.368042;48.873811
2.368042;48.875584
2.368042;48.877356
2.368042;48.879129
2.368042;48.880901
2.368042;48.882673
2.368042;48.884445
2.368042;48.886217
2.368042;48.887989
2.368042;48.889761
2.368042;48.891533
2.368042;48.893305
2.368042;48.895077
2.368042;48.896849
2.368042;48.898620
2.368042;48.900392
2.368042;48.902164
2.368042;48.903935
2.370737;48.815284
2.370737;48.817059
2.370737;48.818833
2.370737;48.820607
2.370737;48.822382
2.370737;48.824156
2.370737;48.825930
2.370737;48.827705
2.370737;48.829479
2.370737;48.831253
2.370737;48.833027
2.370737;48.834801
2.370737;48.836575
2.370737;48.838348
2.370737;48.840122
2.370737;48.841896
2.370737;48.843669
2.370737;48.845443
2.370737;48.847216
2.370737;48.848990
2.370737;48.850763
2.370737;48.852537
2.370737;48.854310
2.370737;48.856083
2.370737;48.857856
2.370737;48.859629
2.370737;48.861402
2.370737;48.863175
2.370737;48.864948
2.370737;48.866721
2.370737;48.868493
2.370737;48.870266
2.370737;48.872039
2.370737;48.873811
2.370737;48.875584
2.370737;48.877356
2.370737;48.879129
2.370737;48.880901
2.370737;48.882673
2.370737;48.884445
2.370737;48.886217
2.370737;48.887989
2.370737;48.889761
2.370737;48.891533
2.370737;48.893305
2.370737;48.895077
2.370737;48.896849
2.370737;48.898620
2.370737;48.900392
2.370737;48.902164
2.370737;48.903935
2.373432;48.815284
2.373432;48.817059
2.373432;48.818833
2.373432;48.820607
2.373432;48.822382
2.373432;48.824156
2.373432;48.825930
2.373432;48.827705
2.373432;48.829479
2.373432;48.831253
2.373432;48.833027
2.373432;48.834801
2.373432;48.836575
2.373432;48.838348
2.373432;48.840122
2.373432;48.841896
2.373432;48.843669
2.373432;48.845443
2.373432;48.847216
2.373432;48.848990
2.373432;48.850763
2.373432;48.852537
2.373432;48.854310
2.373432;48.856083
2.373432;48.857856
2.373432;48.859629
2.373432;48.861402
2.373432;48.863175
2.373432;48.864948
2.373432;48.866721
2.373432;48.868493
2.373432;48.870266
2.373432;48.872039
2.373432;48.873811
2.373432;48.875584
2.373432;48.877356
2.373432;48.879129
2.373432;48.880901
2.373432;48.882673
2.373432;48.884445
2.373432;48.886217
2.373432;48.887989
2.373432;48.889761
2.373432;48.891533
2.373432;48.893305
2.373432;48.895077
2.373432;48.896849
2.373432;48.898620
2.373432;48.900392
2.373432;48.902164
2.373432;48.903935
2.376126;48.815284
2.376126;48.817059
2.376126;48.818833
2.376126;48.820607
2.376126;48.822382
2.376126;48.824156
2.376126;48.825930
2.376126;48.827705
2.376126;48.829479
2.376126;48.831253
2.376126;48.833027
2.376126;48.834801
2.376126;48.836575
2.376126;48.838348
2.376126;48.840122
2.376126;48.841896
2.376126;48.843669
2.376126;48.845443
2.376126;48.847216
2.376126;48.848990
2.376126;48.850763
2.376126;48.852537
2.376126;48.854310
2.376126;48.856083
2.376126;48.857856
2.376126;48.859629
2.376126;48.861402
2.376126;48.863175
2.376126;48.864948
2.376126;48.866721
2.376126;48.868493
2.376126;48.870266
2.376126;48.872039
2.376126;48.873811
2.376126;48.875584
2.376126;48.877356
2.376126;48.879129
2.376126;48.880901
2.376126;48.882673
2.376126;48.884445
2.376126;48.886217
2.376126;48.887989
2.376126;48.889761
2.376126;48.891533
2.376126;48.893305
2.376126;48.895077
2.376126;48.896849
2.376126;48.898620
2.376126;48.900392
2.376126;48.902164
2.376126;48.903935
2.378821;48.815284
2.378821;48.817059
2.378821;48.818833
2.378821;48.820607
2.378821;48.822382
2.378821;48.824156
2.378821;48.825930
2.378821;48.827705
2.378821;48.829479
2.378821;48.831253
2.378821;48.833027
2.378821;48.834801
2.378821;48.836575
2.378821;48.838348
2.378821;48.840122
2.378821;48.841896
2.378821;48.843669
2.378821;48.845443
2.378821;48.847216
2.378821;48.848990
2.378821;48.850763
2.378821;48.852537
2.378821;48.854310
2.378821;48.856083
2.378821;48.857856
2.378821;48.859629
2.378821;48.861402
2.378821;48.863175
2.378821;48.864948
2.378821;48.866721
2.378821;48.868493
2.378821;48.870266
2.378821;48.872039
2.378821;48.873811
2.378821;48.875584
2.378821;48.877356
2.378821;48.879129
2.378821;48.880901
2.378821;48.882673
2.378821;48.884445
2.378821;48.886217
2.378821;48.887989
2.378821;48.889761
2.378821;48.891533
2.378821;48.893305
2.378821;48.895077
2.378821;48.896849
2.378821;48.898620
2.378821;48.900392
2.378821;48.902164
2.378821;48.903935
2.381516;48.815284
2.381516;48.817059
2.381516;48.818833
2.381516;48.820607
2.381516;48.822382
2.381516;48.824156
2.381516;48.825930
2.381516;48.827705
2.381516;48.829479
2.381516;48.831253
2.381516;48.833027
2.381516;48.834801
2.381516;48.836575
2.381516;48.838348
2.381516;48.840122
2.381516;48.841896
2.381516;48.843669
2.381516;48.845443
2.381516;48.847216
2.381516;48.848990
2.381516;48.850763
2.381516;48.852537
2.381516;48.854310
2.381516;48.856083
2.381516;48.857856
2.381516;48.859629
2.381516;48.861402
2.381516;48.863175
2.381516;48.864948
2.381516;48.866721
2.381516;48.868493
2.381516;48.870266
2.381516;48.872039
2.381516;48.873811
2.381516;48.875584
2.381516;48.877356
2.381516;48.879129
2.381516;48.880901
2.381516;48.882673
2.381516;48.884445
2.381516;48.886217
2.381516;48.887989
2.381516;48.889761
2.381516;48.891533
2.381516;48.893305
2.381516;48.895077
2.381516;48.896849
2.381516;48.898620
2.381516;48.900392
2.381516;48.902164
2.381516;48.903935
2.384211;48.815284
2.384211;48.817059
2.384211;48.818833
2.384211;48.820607
2.384211;48.822382
2.384211;48.824156
2.384211;48.825930
2.384211;48.827705
2.384211;48.829479
2.384211;48.831253
2.384211;48.833027
2.384211;48.834801
2.384211;48.836575
2.384211;48.838348
2.384211;48.840122
2.384211;48.841896
2.384211;48.843669
2.384211;48.845443
2.384211;48.847216
2.384211;48.848990
2.384211;48.850763
2.384211;48.852537
2.384211;48.854310
2.384211;48.856083
2.384211;48.857856
2.384211;48.859629
2.384211;48.861402
2.384211;48.863175
2.384211;48.864948
2.384211;48.866721
2.384211;48.868493
2.384211;48.870266
2.384211;48.872039
2.384211;48.873811
2.384211;48.875584
2.384211;48.877356
2.384211;48.879129
2.384211;48.880901
2.384211;48.882673
2.384211;48.884445
2.384211;48.886217
2.384211;48.887989
2.384211;48.889761
2.384211;48.891533
2.384211;48.893305
2.384211;48.895077
2.384211;48.896849
2.384211;48.898620
2.384211;48.900392
2.384211;48.902164
2.384211;48.903935
2.386906;48.815284
2.386906;48.817059
2.386906;48.818833
2.386906;48.820607
2.386906;48.822382
2.386906;48.824156
2.386906;48.825930
2.386906;48.827705
2.386906;48.829479
2.386906;48.831253
2.386906;48.833027
2.386906;48.834801
2.386906;48.836575
2.386906;48.838348
2.386906;48.840122
2.386906;48.841896
2.386906;48.843669
2.386906;48.845443
2.386906;48.847216
2.386906;48.848990
2.386906;48.850763
2.386906;48.852537
2.386906;48.854310
2.386906;48.856083
2.386906;48.857856
2.386906;48.859629
2.386906;48.861402
2.386906;48.863175
2.386906;48.864948
2.386906;48.866721
2.386906;48.868493
2.386906;48.870266
2.386906;48.872039
2.386906;48.873811
2.386906;48.875584
2.386906;48.877356
2.386906;48.879129
2.386906;48.880901
2.386906;48.882673
2.386906;48.884445
2.386906;48.886217
2.386906;48.887989
2.386906;48.889761
2.386906;48.891533
2.386906;48.893305
2.386906;48.895077
2.386906;48.896849
2.386906;48.898620
2.386906;48.900392
2.386906;48.902164
2.386906;48.903935
2.389601;48.815284
2.389601;48.817059
2.389601;48.818833
2.389601;48.820607
2.389601;48.822382
2.389601;48.824156
2.389601;48.825930
2.389601;48.827705
2.389601;48.829479
2.389601;48.831253
2.389601;48.833027
2.389601;48.834801
2.389601;48.836575
2.389601;48.838348
2.389601;48.840122
2.389601;48.841896
2.389601;48.843669
2.389601;48.845443
2.389601;48.847216
2.389601;48.848990
2.389601;48.850763
2.389601;48.852537
2.389601;48.854310
2.389601;48.856083
2.389601;48.857856
2.389601;48.859629
2.389601;48.861402
2.389601;48.863175
2.389601;48.864948
2.389601;48.866721
2.389601;48.868493
2.389601;48.870266
2.389601;48.872039
2.389601;48.873811
2.389601;48.875584
2.389601;48.877356
2.389601;48.879129
2.389601;48.880901
2.389601;48.882673
2.389601;48.884445
2.389601;48.886217
2.389601;48.887989
2.389601;48.889761
2.389601;48.891533
2.389601;48.893305
2.389601;48.895077
2.389601;48.896849
2.389601;48.898620
2.389601;48.900392
2.389601;48.902164
2.389601;48.903935
2.392296;48.815284
2.392296;48.817059
2.392296;48.818833
2.392296;48.820607
2.392296;48.822382
2.392296;48.824156
2.392296;48.825930
2.392296;48.827705
2.392296;48.829479
2.392296;48.831253
2.392296;48.833027
2.392296;48.834801
2.392296;48.836575
2.392296;48.838348
2.392296;48.840122
2.392296;48.841896
2.392296;48.843669
2.392296;48.845443
2.392296;48.847216
2.392296;48.848990
2.392296;48.850763
2.392296;48.852537
2.392296;48.854310
2.392296;48.856083
2.392296;48.857856
2.392296;48.859629
2.392296;48.861402
2.392296;48.863175
2.392296;48.864948
2.392296;48.866721
2.392296;48.868493
2.392296;48.870266
2.392296;48.872039
2.392296;48.873811
2.392296;48.875584
2.392296;48.877356
2.392296;48.879129
2.392296;48.880901
2.392296;48.882673
2.392296;48.884445
2.392296;48.886217
2.392296;48.887989
2.392296;48.889761
2.392296;48.891533
2.392296;48.893305
2.392296;48.895077
2.392296;48.896849
2.392296;48.898620
2.392296;48.900392
2.392296;48.902164
2.392296;48.903935
2.394991;48.815284
2.394991;48.817059
2.394991;48.818833
2.394991;48.820607
2.394991;48.822382
2.394991;48.824156
2.394991;48.825930
2.394991;48.827705
2.394991;48.829479
2.394991;48.831253
2.394991;48.833027
2.394991;48.834801
2.394991;48.836575
2.394991;48.838348
2.394991;48.840122
2.394991;48.841896
2.394991;48.843669
2.394991;48.845443
2.394991;48.847216
2.394991;48.848990
2.394991;48.850763
2.394991;48.852537
2.394991;48.854310
2.394991;48.856083
2.394991;48.857856
2.394991;48.859629
2.394991;48.861402
2.394991;48.863175
2.394991;48.864948
2.394991;48.866721
2.394991;48.868493
2.394991;48.870266
2.394991;48.872039
2.394991;48.873811
2.394991;48.875584
2.394991;48.877356
2.394991;48.879129
2.394991;48.880901
2.394991;48.882673
2.394991;48.884445
2.394991;48.886217
2.394991;48.887989
2.394991;48.889761
2.394991;48.891533
2.394991;48.893305
2.394991;48.895077
2.394991;48.896849
2.394991;48.898620
2.394991;48.900392
2.394991;48.902164
2.394991;48.903935
2.397686;48.815284
2.397686;48.817059
2.397686;48.818833
2.397686;48.820607
2.397686;48.822382
2.397686;48.824156
2.397686;48.825930
2.397686;48.827705
2.397686;48.829479
2.397686;48.831253
2.397686;48.833027
2.397686;48.834801
2.397686;48.836575
2.397686;48.838348
2.397686;48.840122
2.397686;48.841896
2.397686;48.843669
2.397686;48.845443
2.397686;48.847216
2.397686;48.848990
2.397686;48.850763
2.397686;48.852537
2.397686;48.854310
2.397686;48.856083
2.397686;48.857856
2.397686;48.859629
2.397686;48.861402
2.397686;48.863175
2.397686;48.864948
2.397686;48.866721
2.397686;48.868493
2.397686;48.870266
2.397686;48.872039
2.397686;48.873811
2.397686;48.875584
2.397686;48.877356
2.397686;48.879129
2.397686;48.880901
2.397686;48.882673
2.397686;48.884445
2.397686;48.886217
2.397686;48.887989
2.397686;48.889761
2.397686;48.891533
2.397686;48.893305
2.397686;48.895077
2.397686;48.896849
2.397686;48.898620
2.397686;48.900392
2.397686;48.902164
2.397686;48.903935
2.400381;48.815284
2.400381;48.817059
2.400381;48.818833
2.400381;48.820607
2.400381;48.822382
2.400381;48.824156
2.400381;48.825930
2.400381;48.827705
2.400381;48.829479
2.400381;48.831253
2.400381;48.833027
2.400381;48.834801
2.400381;48.836575
2.400381;48.838348
2.400381;48.840122
2.400381;48.841896
2.400381;48.843669
2.400381;48.845443
2.400381;48.847216
2.400381;48.848990
2.400381;48.850763
2.400381;48.852537
2.400381;48.854310
2.400381;48.856083
2.400381;48.857856
2.400381;48.859629
2.400381;48.861402
2.400381;48.863175
2.400381;48.864948
2.400381;48.866721
2.400381;48.868493
2.400381;48.870266
2.400381;48.872039
2.400381;48.873811
2.400381;48.875584
2.400381;48.877356
2.400381;48.879129
2.400381;48.880901
2.400381;48.882673
2.400381;48.884445
2.400381;48.886217
2.400381;48.887989
2.400381;48.889761
2.400381;48.891533
2.400381;48.893305
2.400381;48.895077
2.400381;48.896849
2.400381;48.898620
2.400381;48.900392
2.400381;48.902164
2.400381;48.903935
2.403076;48.815284
2.403076;48.817059
2.403076;48.818833
2.403076;48.820607
2.403076;48.822382
2.403076;48.824156
2.403076;48.825930
2.403076;48.827705
2.403076;48.829479
2.403076;48.831253
2.403076;48.833027
2.403076;48.834801
2.403076;48.836575
2.403076;48.838348
2.403076;48.840122
2.403076;48.841896
2.403076;48.843669
2.403076;48.845443
2.403076;48.847216
2.403076;48.848990
2.403076;48.850763
2.403076;48.852537
2.403076;48.854310
2.403076;48.856083
2.403076;48.857856
2.403076;48.859629
2.403076;48.861402
2.403076;48.863175
2.403076;48.864948
2.403076;48.866721
2.403076;48.868493
2.403076;48.870266
2.403076;48.872039
2.403076;48.873811
2.403076;48.875584
2.403076;48.877356
2.403076;48.879129
2.403076;48.880901
2.403076;48.882673
2.403076;48.884445
2.403076;48.886217
2.403076;48.887989
2.403076;48.889761
2.403076;48.891533
2.403076;48.893305
2.403076;48.895077
2.403076;48.896849
2.403076;48.898620
2.403076;48.900392
2.403076;48.902164
2.403076;48.903935
2.405771;48.815284
2.405771;48.817059
2.405771;48.818833
2.405771;48.820607
2.405771;48.822382
2.405771;48.824156
2.405771;48.825930
2.405771;48.827705
2.405771;48.829479
2.405771;48.831253
2.405771;48.833027
2.405771;48.834801
2.405771;48.836575
2.405771;48.838348
2.405771;48.840122
2.405771;48.841896
2.405771;48.843669
2.405771;48.845443
2.405771;48.847216
2.405771;48.848990
2.405771;48.850763
2.405771;48.852537
2.405771;48.854310
2.405771;48.856083
2.405771;48.857856
2.405771;48.859629
2.405771;48.861402
2.405771;48.863175
2.405771;48.864948
2.405771;48.866721
2.405771;48.868493
2.405771;48.870266
2.405771;48.872039
2.405771;48.873811
2.405771;48.875584
2.405771;48.877356
2.405771;48.879129
2.405771;48.880901
2.405771;48.882673
2.405771;48.884445
2.405771;48.886217
2.405771;48.887989
2.405771;48.889761
2.405771;48.891533
2.405771;48.893305
2.405771;48.895077
2.405771;48.896849
2.405771;48.898620
2.405771;48.900392
2.405771;48.902164
2.405771;48.903935
2.408466;48.815284
2.408466;48.817059
2.408466;48.818833
2.408466;48.820607
2.408466;48.822382
2.408466;48.824156
2.408466;48.825930
2.408466;48.827705
2.408466;48.829479
2.408466;48.831253
2.408466;48.833027
2.408466;48.834801
2.408466;48.836575
2.408466;48.838348
2.408466;48.840122
2.408466;48.841896
2.408466;48.843669
2.408466;48.845443
2.408466;48.847216
2.408466;48.848990
2.408466;48.850763
2.408466;48.852537
2.408466;48.854310
2.408466;48.856083
2.408466;48.857856
2.408466;48.859629
2.408466;48.861402
2.408466;48.863175
2.408466;48.864948
2.408466;48.866721
2.408466;48.868493
2.408466;48.870266
2.408466;48.872039
2.408466;48.873811
2.408466;48.875584
2.408466;48.877356
2.408466;48.879129
2.408466;48.880901
2.408466;48.882673
2.408466;48.884445
2.408466;48.886217
2.408466;48.887989
2.408466;48.889761
2.408466;48.891533
2.408466;48.893305
2.408466;48.895077
2.408466;48.896849
2.408466;48.898620
2.408466;48.900392
2.408466;48.902164
2.408466;48.903935
2.411161;48.815284
2.411161;48.817059
2.411161;48.818833
2.411161;48.820607
2.411161;48.822382
2.411161;48.824156
2.411161;48.825930
2.411161;48.827705
2.411161;48.829479
2.411161;48.831253
2.411161;48.833027
2.411161;48.834801
2.411161;48.836575
2.411161;48.838348
2.411161;48.840122
2.411161;48.841896
2.411161;48.843669
2.411161;48.845443
2.411161;48.847216
2.411161;48.848990
2.411161;48.850763
2.411161;48.852537
2.411161;48.854310
2.411161;48.856083
2.411161;48.857856
2.411161;48.859629
2.411161;48.861402
2.411161;48.863175
2.411161;48.864948
2.411161;48.866721
2.411161;48.868493
2.411161;48.870266
2.411161;48.872039
2.411161;48.873811
2.411161;48.875584
2.411161;48.877356
2.411161;48.879129
2.411161;48.880901
2.411161;48.882673
2.411161;48.884445
2.411161;48.886217
2.411161;48.887989
2.411161;48.889761
2.411161;48.891533
2.411161;48.893305
2.411161;48.895077
2.411161;48.896849
2.411161;48.898620
2.411161;48.900392
2.411161;48.902164
2.411161;48.903935
