,egg place venue name,egg place venue id,egg place venue latitude,egg place venue longitude,venue,venue latitude,venue longitude,main category id,venue main category
0,Benedict,5293ae7d11d2fba382d9f652,48.85820815365001,2.3560811411196494,Fleux',48.85876287681194,2.3541614413261414,4bf58dd8d48988d1f8941735,Furniture / Home Store
1,Benedict,5293ae7d11d2fba382d9f652,48.85820815365001,2.3560811411196494,Les Mots à la Bouche,48.85771855127609,2.3573224499493,4bf58dd8d48988d114951735,Bookstore
2,Benedict,5293ae7d11d2fba382d9f652,48.85820815365001,2.3560811411196494,Galerie Azzedine Alaïa,48.857544773243966,2.3552169725375203,4bf58dd8d48988d1e2931735,Art Gallery
3,Benedict,5293ae7d11d2fba382d9f652,48.85820815365001,2.3560811411196494,Benedict,48.85820815365001,2.3560811411196494,4bf58dd8d48988d10c941735,French Restaurant
4,Benedict,5293ae7d11d2fba382d9f652,48.85820815365001,2.3560811411196494,Maison Aleph,48.857348,2.354873,5744ccdfe4b0c0459246b4e2,Pastry Shop
5,Benedict,5293ae7d11d2fba382d9f652,48.85820815365001,2.3560811411196494,Résistance,48.858041960048006,2.3566510416688433,4bf58dd8d48988d11e941735,Cocktail Bar
6,Benedict,5293ae7d11d2fba382d9f652,48.85820815365001,2.3560811411196494,Mariage Frères,48.85776928296051,2.356618019905924,4bf58dd8d48988d1dc931735,Tea Room
7,Benedict,5293ae7d11d2fba382d9f652,48.85820815365001,2.3560811411196494,Comme à Lisbonne,48.856767485058,2.356461882401648,4bf58dd8d48988d16d941735,Café
8,Benedict,5293ae7d11d2fba382d9f652,48.85820815365001,2.3560811411196494,Tasca,48.856685814693414,2.3563742637634277,4def73e84765ae376e57713a,Portuguese Restaurant
9,Benedict,5293ae7d11d2fba382d9f652,48.85820815365001,2.3560811411196494,La Droguerie du Marais,48.857837832158246,2.3580553473763914,4bf58dd8d48988d10c941735,French Restaurant
10,Benedict,5293ae7d11d2fba382d9f652,48.85820815365001,2.3560811411196494,Pierre Hermé,48.858127142288076,2.356441979666563,5744ccdfe4b0c0459246b4e2,Pastry Shop
11,Benedict,5293ae7d11d2fba382d9f652,48.85820815365001,2.3560811411196494,Pozzetto,48.85682742435843,2.3562692974557247,4bf58dd8d48988d1c9941735,Ice Cream Shop
12,Benedict,5293ae7d11d2fba382d9f652,48.85820815365001,2.3560811411196494,Les Pinces,48.85755185997607,2.3563175494829465,4bf58dd8d48988d1ce941735,Seafood Restaurant
13,Benedict,5293ae7d11d2fba382d9f652,48.85820815365001,2.3560811411196494,Nature & Découvertes,48.85824916074778,2.3561629743718697,4bf58dd8d48988d1ff941735,Miscellaneous Shop
14,Benedict,5293ae7d11d2fba382d9f652,48.85820815365001,2.3560811411196494,Le Colimaçon,48.857975561490434,2.358005359946839,4bf58dd8d48988d10c941735,French Restaurant
15,Benedict,5293ae7d11d2fba382d9f652,48.85820815365001,2.3560811411196494,Une Glace à Paris,48.858162463514056,2.3563510170868245,4bf58dd8d48988d1c9941735,Ice Cream Shop
16,Benedict,5293ae7d11d2fba382d9f652,48.85820815365001,2.3560811411196494,She's Cake,48.85679050366136,2.356525894843903,4bf58dd8d48988d1bc941735,Cupcake Shop
17,Benedict,5293ae7d11d2fba382d9f652,48.85820815365001,2.3560811411196494,Grom,48.856737028179374,2.356932789896476,4bf58dd8d48988d1c9941735,Ice Cream Shop
18,Benedict,5293ae7d11d2fba382d9f652,48.85820815365001,2.3560811411196494,Sacha Finkelsztajn,48.85761154,2.35843077,52e81612bcbc57f1066b79fd,Jewish Restaurant
19,Benedict,5293ae7d11d2fba382d9f652,48.85820815365001,2.3560811411196494,Huygens Cosmetique Naturelle Sur Mesure,48.85893757904192,2.3537778854370117,4bf58dd8d48988d10c951735,Cosmetics Shop
20,Benedict,5293ae7d11d2fba382d9f652,48.85820815365001,2.3560811411196494,Galerie Sakura,48.85726430775278,2.356031975867304,4bf58dd8d48988d1e2931735,Art Gallery
21,Benedict,5293ae7d11d2fba382d9f652,48.85820815365001,2.3560811411196494,Levi's® Store,48.85817700225621,2.355864644050598,4bf58dd8d48988d103951735,Clothing Store
22,Benedict,5293ae7d11d2fba382d9f652,48.85820815365001,2.3560811411196494,Pozzetto,48.85677361447428,2.356963685677311,4bf58dd8d48988d110941735,Italian Restaurant
23,Benedict,5293ae7d11d2fba382d9f652,48.85820815365001,2.3560811411196494,La Panfoulia,48.85796529800795,2.356742786235156,4bf58dd8d48988d121941735,Lounge
24,Benedict,5293ae7d11d2fba382d9f652,48.85820815365001,2.3560811411196494,Bobbies,48.85828817777437,2.3581337928771973,4bf58dd8d48988d107951735,Shoe Store
25,Benedict,5293ae7d11d2fba382d9f652,48.85820815365001,2.3560811411196494,Le Cox,48.85814804381794,2.354886800017761,4bf58dd8d48988d1d8941735,Gay Bar
26,Benedict,5293ae7d11d2fba382d9f652,48.85820815365001,2.3560811411196494,Les Philosophes,48.857296,2.357524,4bf58dd8d48988d10c941735,French Restaurant
27,Benedict,5293ae7d11d2fba382d9f652,48.85820815365001,2.3560811411196494,Les Mauvais Garçons,48.856828817719254,2.35508376610984,57558b35e4b065ecebd306ad,Lyonese Bouchon
28,Benedict,5293ae7d11d2fba382d9f652,48.85820815365001,2.3560811411196494,La Belle Hortense,48.857511321700315,2.35752029558429,4bf58dd8d48988d123941735,Wine Bar
29,Benedict,5293ae7d11d2fba382d9f652,48.85820815365001,2.3560811411196494,Tabio,48.8567305,2.357092,4bf58dd8d48988d103951735,Clothing Store
30,Le Saint-Régis,4b1411c6f964a520c09c23e3,48.852930295842626,2.353724241256714,Quai d'Orléans,48.85159603053296,2.3542821407318115,4bf58dd8d48988d159941735,Trail
31,Le Saint-Régis,4b1411c6f964a520c09c23e3,48.852930295842626,2.353724241256714,Le Saint-Régis,48.852930295842626,2.353724241256714,52e81612bcbc57f1066b79f1,Bistro
32,Le Saint-Régis,4b1411c6f964a520c09c23e3,48.852930295842626,2.353724241256714,Bel Canto,48.85463159369966,2.3544932532811624,4bf58dd8d48988d10c941735,French Restaurant
33,Le Saint-Régis,4b1411c6f964a520c09c23e3,48.852930295842626,2.353724241256714,La Ferme Saint-Aubin - Crèmerie,48.852559705328005,2.35471308713727,4bf58dd8d48988d11e951735,Cheese Shop
34,Le Saint-Régis,4b1411c6f964a520c09c23e3,48.852930295842626,2.353724241256714,Square Jean XXIII,48.85249912936207,2.3513748676734063,4bf58dd8d48988d163941735,Park
35,Le Saint-Régis,4b1411c6f964a520c09c23e3,48.852930295842626,2.353724241256714,Le Flore en l'Île,48.852787337865735,2.353368207366823,4bf58dd8d48988d10c941735,French Restaurant
36,Le Saint-Régis,4b1411c6f964a520c09c23e3,48.852930295842626,2.353724241256714,Square de l'Île-de-France,48.85182574835517,2.352081261570774,4bf58dd8d48988d163941735,Park
37,Le Saint-Régis,4b1411c6f964a520c09c23e3,48.852930295842626,2.353724241256714,Amorino,48.85205022081887,2.3557566851377487,4bf58dd8d48988d1c9941735,Ice Cream Shop
38,Le Saint-Régis,4b1411c6f964a520c09c23e3,48.852930295842626,2.353724241256714,Aux Anysetiers du Roy,48.852457675440846,2.354854340536696,4bf58dd8d48988d10c941735,French Restaurant
39,Le Saint-Régis,4b1411c6f964a520c09c23e3,48.852930295842626,2.353724241256714,Le Sarrasin et le Froment,48.852720274957456,2.354271411895752,52e81612bcbc57f1066b79f2,Creperie
40,Le Saint-Régis,4b1411c6f964a520c09c23e3,48.852930295842626,2.353724241256714,Les Thermes de Lutèce,48.854506,2.354329,4bf58dd8d48988d110951735,Salon / Barbershop
41,Le Saint-Régis,4b1411c6f964a520c09c23e3,48.852930295842626,2.353724241256714,Hôtel Saint-Louis,48.85266784726747,2.3541636327891102,4bf58dd8d48988d1fa931735,Hotel
42,Le Saint-Régis,4b1411c6f964a520c09c23e3,48.852930295842626,2.353724241256714,Sorza,48.85225408414002,2.3554716448676234,4bf58dd8d48988d110941735,Italian Restaurant
43,Le Saint-Régis,4b1411c6f964a520c09c23e3,48.852930295842626,2.353724241256714,Café Med,48.85272560657876,2.353989380912962,4bf58dd8d48988d10c941735,French Restaurant
44,Le Saint-Régis,4b1411c6f964a520c09c23e3,48.852930295842626,2.353724241256714,La Cure Gourmande,48.85232662171789,2.3552493381013444,4bf58dd8d48988d117951735,Candy Store
45,Le Saint-Régis,4b1411c6f964a520c09c23e3,48.852930295842626,2.353724241256714,La Sarrasine,48.853177,2.353939,52e81612bcbc57f1066b79f2,Creperie
46,Le Saint-Régis,4b1411c6f964a520c09c23e3,48.852930295842626,2.353724241256714,Quai de Bourbon,48.853389357825314,2.3544875372175054,56aa371be4b08b9a8d5734c3,Waterfront
47,Le Saint-Régis,4b1411c6f964a520c09c23e3,48.852930295842626,2.353724241256714,Au Lys d'Argent,48.8527895163605,2.353881745505874,52e81612bcbc57f1066b79f2,Creperie
48,Le Saint-Régis,4b1411c6f964a520c09c23e3,48.852930295842626,2.353724241256714,Brasserie de l'Isle Saint-Louis,48.85305030738144,2.3534024599939585,57558b36e4b065ecebd306b0,Brasserie
49,Le Saint-Régis,4b1411c6f964a520c09c23e3,48.852930295842626,2.353724241256714,Place Louis Aragon,48.85368978487066,2.3532755414471285,4bf58dd8d48988d164941735,Plaza
50,Le Saint-Régis,4b1411c6f964a520c09c23e3,48.852930295842626,2.353724241256714,Le Lutetia,48.85330876415902,2.3541111499071117,4bf58dd8d48988d1c4941735,Restaurant
51,Le Saint-Régis,4b1411c6f964a520c09c23e3,48.852930295842626,2.353724241256714,Sens'o,48.85283715956333,2.3536333268046414,4bf58dd8d48988d1c4941735,Restaurant
52,Le Saint-Régis,4b1411c6f964a520c09c23e3,48.852930295842626,2.353724241256714,Pain d'Epices,48.85328136217487,2.3537753202645795,4bf58dd8d48988d10c941735,French Restaurant
53,Le Saint-Régis,4b1411c6f964a520c09c23e3,48.852930295842626,2.353724241256714,L'Étiquette,48.85317031863258,2.3536813259124756,4bf58dd8d48988d119951735,Wine Shop
54,Le Saint-Régis,4b1411c6f964a520c09c23e3,48.852930295842626,2.353724241256714,L'Esmeralda,48.852827932832184,2.3519378900527954,57558b36e4b065ecebd306b0,Brasserie
55,Le Saint-Régis,4b1411c6f964a520c09c23e3,48.852930295842626,2.353724241256714,Esterina,48.852763481766594,2.35395140679446,4bf58dd8d48988d1c9941735,Ice Cream Shop
56,Le Saint-Régis,4b1411c6f964a520c09c23e3,48.852930295842626,2.353724241256714,Le Petit Plateau,48.85293840324884,2.3519982397556305,52e81612bcbc57f1066b79f1,Bistro
57,Le Saint-Régis,4b1411c6f964a520c09c23e3,48.852930295842626,2.353724241256714,Boulangerie St. Louis,48.85260202751681,2.354518175125122,4bf58dd8d48988d16a941735,Bakery
58,Holybelly 19,53f32591498e1cd3c3ec2555,48.87236651589251,2.360927357451203,Holybelly 5,48.87105,2.359804,4bf58dd8d48988d143941735,Breakfast Spot
59,Holybelly 19,53f32591498e1cd3c3ec2555,48.87236651589251,2.360927357451203,Pâtisserie Boulangerie Liberté,48.87307937807167,2.3615536093711853,4bf58dd8d48988d16a941735,Bakery
60,Holybelly 19,53f32591498e1cd3c3ec2555,48.87236651589251,2.360927357451203,Sur Mer,48.87174388560841,2.3621919751167297,4bf58dd8d48988d1ce941735,Seafood Restaurant
61,Holybelly 19,53f32591498e1cd3c3ec2555,48.87236651589251,2.360927357451203,Du Pain et des Idées,48.87129297861665,2.3627439498876237,4bf58dd8d48988d16a941735,Bakery
62,Holybelly 19,53f32591498e1cd3c3ec2555,48.87236651589251,2.360927357451203,La Bécane à Gaston,48.872442,2.361085,4bf58dd8d48988d10c941735,French Restaurant
63,Holybelly 19,53f32591498e1cd3c3ec2555,48.87236651589251,2.360927357451203,Holybelly 19,48.87236651589251,2.360927357451203,4bf58dd8d48988d143941735,Breakfast Spot
64,Holybelly 19,53f32591498e1cd3c3ec2555,48.87236651589251,2.360927357451203,SAaM,48.87217653557965,2.362683668770842,4bf58dd8d48988d113941735,Korean Restaurant
65,Holybelly 19,53f32591498e1cd3c3ec2555,48.87236651589251,2.360927357451203,Résidence Kann Coffee Shop,48.873225,2.362834,4bf58dd8d48988d1e0931735,Coffee Shop
66,Holybelly 19,53f32591498e1cd3c3ec2555,48.87236651589251,2.360927357451203,Bob's Juice Bar,48.872051,2.360598,4bf58dd8d48988d112941735,Juice Bar
67,Holybelly 19,53f32591498e1cd3c3ec2555,48.87236651589251,2.360927357451203,Hubsy | Café & Coworking,48.87124104288463,2.3602032015146768,4bf58dd8d48988d1e0931735,Coffee Shop
68,Holybelly 19,53f32591498e1cd3c3ec2555,48.87236651589251,2.360927357451203,Noa,48.872544422367525,2.3594256369569457,4bf58dd8d48988d1bd941735,Salad Place
69,Holybelly 19,53f32591498e1cd3c3ec2555,48.87236651589251,2.360927357451203,Bopome,48.871701,2.362483,4bf58dd8d48988d142941735,Asian Restaurant
70,Holybelly 19,53f32591498e1cd3c3ec2555,48.87236651589251,2.360927357451203,La Taverne de Zhao,48.873208507755244,2.360328697564808,52af3b6e3cf9994f4e043c02,Shanxi Restaurant
71,Holybelly 19,53f32591498e1cd3c3ec2555,48.87236651589251,2.360927357451203,Restaurant Les Vinaigriers,48.87317381718619,2.361453692707382,4bf58dd8d48988d10c941735,French Restaurant
72,Holybelly 19,53f32591498e1cd3c3ec2555,48.87236651589251,2.360927357451203,Centre Commercial,48.87141401470296,2.3630029477377925,4bf58dd8d48988d103951735,Clothing Store
73,Holybelly 19,53f32591498e1cd3c3ec2555,48.87236651589251,2.360927357451203,9Hotel Republique,48.870813,2.360552,4bf58dd8d48988d1fa931735,Hotel
74,Holybelly 19,53f32591498e1cd3c3ec2555,48.87236651589251,2.360927357451203,Episod,48.87132029305846,2.3610157659138085,4bf58dd8d48988d175941735,Gym / Fitness Center
75,Holybelly 19,53f32591498e1cd3c3ec2555,48.87236651589251,2.360927357451203,El Guacamole,48.871457446379814,2.3622458528760877,4bf58dd8d48988d1c1941735,Mexican Restaurant
76,Carette,4adcda14f964a5203a3721e3,48.86358902223995,2.287205457687378,Place du Trocadéro,48.86295026846909,2.287205457687378,4bf58dd8d48988d164941735,Plaza
77,Carette,4adcda14f964a5203a3721e3,48.86358902223995,2.287205457687378,Cité de l'Architecture et du Patrimoine,48.862703234437916,2.28865385055542,4bf58dd8d48988d181941735,Museum
78,Carette,4adcda14f964a5203a3721e3,48.86358902223995,2.287205457687378,Carette,48.86358902223995,2.287205457687378,4bf58dd8d48988d1dc931735,Tea Room
79,Carette,4adcda14f964a5203a3721e3,48.86358902223995,2.287205457687378,La Girafe,48.862179807057025,2.2888498289765167,4bf58dd8d48988d1c4941735,Restaurant
80,Carette,4adcda14f964a5203a3721e3,48.86358902223995,2.287205457687378,Parvis des Libertés et des Droits de l'Homme,48.86208930458137,2.2885197887664637,4bf58dd8d48988d164941735,Plaza
81,Carette,4adcda14f964a5203a3721e3,48.86358902223995,2.287205457687378,Théâtre National de Chaillot,48.86265382748534,2.288546562194824,4bf58dd8d48988d137941735,Theater
82,Carette,4adcda14f964a5203a3721e3,48.86358902223995,2.287205457687378,Hôtel La Clef Tour Eiffel,48.864585331131416,2.288379777717398,4bf58dd8d48988d1fa931735,Hotel
83,Carette,4adcda14f964a5203a3721e3,48.86358902223995,2.287205457687378,Schwartz's Deli,48.86370195023536,2.285601496696472,4bf58dd8d48988d16c941735,Burger Joint
84,Carette,4adcda14f964a5203a3721e3,48.86358902223995,2.287205457687378,Baāgaā,48.865072618919264,2.2874165769688233,4bf58dd8d48988d16c941735,Burger Joint
85,Carette,4adcda14f964a5203a3721e3,48.86358902223995,2.287205457687378,Café de l'Homme,48.86197271238272,2.2877633571624756,4bf58dd8d48988d10c941735,French Restaurant
86,Carette,4adcda14f964a5203a3721e3,48.86358902223995,2.287205457687378,Le Coq,48.8634069681865,2.287703241175798,4bf58dd8d48988d10c941735,French Restaurant
87,Carette,4adcda14f964a5203a3721e3,48.86358902223995,2.287205457687378,Pizze,48.863700584433836,2.2878100175754557,4bf58dd8d48988d1ca941735,Pizza Place
88,Carette,4adcda14f964a5203a3721e3,48.86358902223995,2.287205457687378,Café du Trocadéro,48.86346450966016,2.2868437118145835,57558b36e4b065ecebd306b0,Brasserie
89,Carette,4adcda14f964a5203a3721e3,48.86358902223995,2.287205457687378,Hiramatsu,48.86506,2.287656,4bf58dd8d48988d10c941735,French Restaurant
90,Carette,4adcda14f964a5203a3721e3,48.86358902223995,2.287205457687378,Mokus L'Écureuil,48.86373692742178,2.287849010625993,4bf58dd8d48988d1ca941735,Pizza Place
91,Carette,4adcda14f964a5203a3721e3,48.86358902223995,2.287205457687378,Hexagone,48.864411,2.288549,4bf58dd8d48988d10c941735,French Restaurant
92,Carette,4adcda14f964a5203a3721e3,48.86358902223995,2.287205457687378,Frog XVI,48.86457129800974,2.288378877230356,4bf58dd8d48988d11b941735,Pub
93,Carette,4adcda14f964a5203a3721e3,48.86358902223995,2.287205457687378,Arlettie,48.86466881384705,2.286612007798303,52f2ab2ebcbc57f1066b8b35,Outlet Store
94,Carette,4adcda14f964a5203a3721e3,48.86358902223995,2.287205457687378,Musée de l'Homme,48.861891542607296,2.287430763244629,4bf58dd8d48988d181941735,Museum
95,Carette,4adcda14f964a5203a3721e3,48.86358902223995,2.287205457687378,Musée National de la Marine,48.86204682380187,2.2875380516052246,4bf58dd8d48988d181941735,Museum
96,Carette,4adcda14f964a5203a3721e3,48.86358902223995,2.287205457687378,Monop',48.86404295,2.28837242,52f2ab2ebcbc57f1066b8b46,Supermarket
97,Carette,4adcda14f964a5203a3721e3,48.86358902223995,2.287205457687378,Le Poincaré,48.8650571122955,2.2866109908976395,4bf58dd8d48988d10c941735,French Restaurant
98,Carette,4adcda14f964a5203a3721e3,48.86358902223995,2.287205457687378,La Réserve Paris - Apartments,48.863482959020025,2.2859542071819305,4bf58dd8d48988d1fa931735,Hotel
99,Carette,4adcda14f964a5203a3721e3,48.86358902223995,2.287205457687378,White Café,48.863744592185284,2.287731399485971,4bf58dd8d48988d1c7941735,Snack Place
100,Carette,4adcda14f964a5203a3721e3,48.86358902223995,2.287205457687378,Escale Bangkok,48.865135621556405,2.286218617997985,4bf58dd8d48988d14a941735,Vietnamese Restaurant
101,Carette,4adcda14f964a5203a3721e3,48.86358902223995,2.287205457687378,Citadines suites arc de Triomphe,48.86476379720394,2.288967991795964,4bf58dd8d48988d1fa931735,Hotel
102,Carette,4adcda14f964a5203a3721e3,48.86358902223995,2.287205457687378,Le Malakoff,48.86366903130988,2.2870438545942307,4bf58dd8d48988d1e0931735,Coffee Shop
103,Carette,4adcda14f964a5203a3721e3,48.86358902223995,2.287205457687378,Café Carlu,48.86230478558332,2.2887466092398214,4bf58dd8d48988d16d941735,Café
104,Carette,4adcda14f964a5203a3721e3,48.86358902223995,2.287205457687378,Tong-Ming,48.86460700308945,2.2892923268610352,4bf58dd8d48988d149941735,Thai Restaurant
105,Carette,4adcda14f964a5203a3721e3,48.86358902223995,2.287205457687378,Espace Catherine Max,48.86469011222729,2.286681602285491,4bf58dd8d48988d104951735,Boutique
106,Le Mary Céleste,5116b70ce4b0d096ad258d22,48.86174155463238,2.3650123178958893,Galerie Emmanuel Perrotin,48.86053830048091,2.3651025942279804,4bf58dd8d48988d1e2931735,Art Gallery
107,Le Mary Céleste,5116b70ce4b0d096ad258d22,48.86174155463238,2.3650123178958893,Galerie Thaddaeus Ropac,48.86058151476433,2.3635389810078777,4bf58dd8d48988d1e2931735,Art Gallery
108,Le Mary Céleste,5116b70ce4b0d096ad258d22,48.86174155463238,2.3650123178958893,Le Mary Céleste,48.86174155463238,2.3650123178958893,4bf58dd8d48988d11e941735,Cocktail Bar
109,Le Mary Céleste,5116b70ce4b0d096ad258d22,48.86174155463238,2.3650123178958893,Candelaria,48.86303212989039,2.3640589318953125,4bf58dd8d48988d11e941735,Cocktail Bar
110,Le Mary Céleste,5116b70ce4b0d096ad258d22,48.86174155463238,2.3650123178958893,Biglove Caffè,48.86206260694734,2.363556952325989,4bf58dd8d48988d110941735,Italian Restaurant
111,Le Mary Céleste,5116b70ce4b0d096ad258d22,48.86174155463238,2.3650123178958893,Merci,48.860607,2.367056,4bf58dd8d48988d1f6941735,Department Store
112,Le Mary Céleste,5116b70ce4b0d096ad258d22,48.86174155463238,2.3650123178958893,French Trotters,48.86179145989662,2.3641142537557283,4bf58dd8d48988d103951735,Clothing Store
113,Le Mary Céleste,5116b70ce4b0d096ad258d22,48.86174155463238,2.3650123178958893,Used Book Café,48.86084306424546,2.367237364281474,4bf58dd8d48988d16d941735,Café
114,Le Mary Céleste,5116b70ce4b0d096ad258d22,48.86174155463238,2.3650123178958893,Boot Café,48.861289530249095,2.3652917536188585,4bf58dd8d48988d16d941735,Café
115,Le Mary Céleste,5116b70ce4b0d096ad258d22,48.86174155463238,2.3650123178958893,Papier Tigre,48.86235269767192,2.3650813847780228,4bf58dd8d48988d121951735,Paper / Office Supplies Store
116,Le Mary Céleste,5116b70ce4b0d096ad258d22,48.86174155463238,2.3650123178958893,Galerie Karsten Greve,48.86051678913553,2.363767304692995,4bf58dd8d48988d1e2931735,Art Gallery
117,Le Mary Céleste,5116b70ce4b0d096ad258d22,48.86174155463238,2.3650123178958893,Maison Kitsuné,48.8616404457248,2.3674414953716756,4bf58dd8d48988d103951735,Clothing Store
118,Le Mary Céleste,5116b70ce4b0d096ad258d22,48.86174155463238,2.3650123178958893,Ob-La-Di,48.86312055419194,2.364058705830601,4bf58dd8d48988d1e0931735,Coffee Shop
119,Le Mary Céleste,5116b70ce4b0d096ad258d22,48.86174155463238,2.3650123178958893,Fringe,48.862612,2.364752,4bf58dd8d48988d1e0931735,Coffee Shop
120,Le Mary Céleste,5116b70ce4b0d096ad258d22,48.86174155463238,2.3650123178958893,Cuisse de Grenouille,48.861529229311316,2.366501247086808,4bf58dd8d48988d103951735,Clothing Store
121,Le Mary Céleste,5116b70ce4b0d096ad258d22,48.86174155463238,2.3650123178958893,Yvon Lambert Libraire,48.862661,2.36606,4bf58dd8d48988d114951735,Bookstore
122,Le Mary Céleste,5116b70ce4b0d096ad258d22,48.86174155463238,2.3650123178958893,Dupain,48.86196036046888,2.367280125617981,4bf58dd8d48988d16a941735,Bakery
123,Le Mary Céleste,5116b70ce4b0d096ad258d22,48.86174155463238,2.3650123178958893,Acne Studios,48.861406651564124,2.36675782596426,4bf58dd8d48988d103951735,Clothing Store
124,Le Mary Céleste,5116b70ce4b0d096ad258d22,48.86174155463238,2.3650123178958893,Le Labo,48.861455335523445,2.3661307990550995,52f2ab2ebcbc57f1066b8b23,Perfume Shop
125,Le Mary Céleste,5116b70ce4b0d096ad258d22,48.86174155463238,2.3650123178958893,Bonton,48.86135735436816,2.3670540193536582,4bf58dd8d48988d105951735,Kids Store
126,Le Mary Céleste,5116b70ce4b0d096ad258d22,48.86174155463238,2.3650123178958893,Araku Coffee,48.862653,2.362837,4bf58dd8d48988d1e0931735,Coffee Shop
127,Le Mary Céleste,5116b70ce4b0d096ad258d22,48.86174155463238,2.3650123178958893,The YogaFactory,48.863301274925554,2.36601707604113,4bf58dd8d48988d102941735,Yoga Studio
128,Le Mary Céleste,5116b70ce4b0d096ad258d22,48.86174155463238,2.3650123178958893,Pierre Hermé,48.862172825135055,2.364048048741069,5744ccdfe4b0c0459246b4e2,Pastry Shop
129,Le Mary Céleste,5116b70ce4b0d096ad258d22,48.86174155463238,2.3650123178958893,Rougier & Plé,48.862520244942985,2.3669342609647908,4bf58dd8d48988d127951735,Arts & Crafts Store
130,Le Mary Céleste,5116b70ce4b0d096ad258d22,48.86174155463238,2.3650123178958893,Blend Beaumarchais,48.86111701192273,2.3671981754438693,4bf58dd8d48988d16c941735,Burger Joint
131,Le Mary Céleste,5116b70ce4b0d096ad258d22,48.86174155463238,2.3650123178958893,Ladurée,48.86284192817595,2.36290872641257,4bf58dd8d48988d1d0941735,Dessert Shop
132,Le Mary Céleste,5116b70ce4b0d096ad258d22,48.86174155463238,2.3650123178958893,Mr. T,48.862733,2.363523,4bf58dd8d48988d1cd941735,South American Restaurant
133,Le Mary Céleste,5116b70ce4b0d096ad258d22,48.86174155463238,2.3650123178958893,Tom Greyhound Paris,48.8618397186386,2.362549785290184,4bf58dd8d48988d104951735,Boutique
134,Le Mary Céleste,5116b70ce4b0d096ad258d22,48.86174155463238,2.3650123178958893,Pop In,48.861289,2.367546,4bf58dd8d48988d116941735,Bar
135,Le Mary Céleste,5116b70ce4b0d096ad258d22,48.86174155463238,2.3650123178958893,Popelini,48.862356245964,2.3639878809013566,5744ccdfe4b0c0459246b4e2,Pastry Shop
136,Café de Flore,4adcda04f964a520323221e3,48.85399681424528,2.3326457751586753,Place Saint-Germain-des-Prés,48.85418334331855,2.3335111141204834,4bf58dd8d48988d164941735,Plaza
137,Café de Flore,4adcda04f964a520323221e3,48.85399681424528,2.3326457751586753,Ralph Lauren,48.854155105974385,2.330697476863861,4bf58dd8d48988d103951735,Clothing Store
138,Café de Flore,4adcda04f964a520323221e3,48.85399681424528,2.3326457751586753,Blueberry,48.85263795367982,2.3315514486810374,4bf58dd8d48988d111941735,Japanese Restaurant
139,Café de Flore,4adcda04f964a520323221e3,48.85399681424528,2.3326457751586753,Cook'n Saj,48.853142,2.331967,58daa1558bbb0b01f18ec1cd,Lebanese Restaurant
140,Café de Flore,4adcda04f964a520323221e3,48.85399681424528,2.3326457751586753,Eggs & Co,48.85311560765672,2.331547737121582,4bf58dd8d48988d10c941735,French Restaurant
141,Café de Flore,4adcda04f964a520323221e3,48.85399681424528,2.3326457751586753,Hôtel Bel Ami,48.85491750702932,2.33314078416685,4bf58dd8d48988d1fa931735,Hotel
142,Café de Flore,4adcda04f964a520323221e3,48.85399681424528,2.3326457751586753,City Pharma,48.852703,2.333387,4bf58dd8d48988d10f951735,Pharmacy
143,Café de Flore,4adcda04f964a520323221e3,48.85399681424528,2.3326457751586753,Saint Pearl,48.854888,2.33059,4bf58dd8d48988d1c5941735,Sandwich Place
144,Café de Flore,4adcda04f964a520323221e3,48.85399681424528,2.3326457751586753,Ralph's,48.85414804663584,2.3306331038475037,4bf58dd8d48988d14e941735,American Restaurant
145,Café de Flore,4adcda04f964a520323221e3,48.85399681424528,2.3326457751586753,Les Deux Magots,48.853999335657115,2.3331602155448303,4bf58dd8d48988d16d941735,Café
146,Café de Flore,4adcda04f964a520323221e3,48.85399681424528,2.3326457751586753,Le Relais de l'Entrecôte,48.854678,2.332847,4bf58dd8d48988d1cc941735,Steakhouse
147,Café de Flore,4adcda04f964a520323221e3,48.85399681424528,2.3326457751586753,Place du Québec,48.853527,2.333188,4bf58dd8d48988d164941735,Plaza
148,Café de Flore,4adcda04f964a520323221e3,48.85399681424528,2.3326457751586753,Hôtel Madison,48.8534964469689,2.3344661134406537,4bf58dd8d48988d1fa931735,Hotel
149,Café de Flore,4adcda04f964a520323221e3,48.85399681424528,2.3326457751586753,Café de Flore,48.85399681424528,2.3326457751586753,4bf58dd8d48988d16d941735,Café
150,Café de Flore,4adcda04f964a520323221e3,48.85399681424528,2.3326457751586753,L'Écume des Pages,48.85403229432768,2.332334772880613,4bf58dd8d48988d114951735,Bookstore
151,Café de Flore,4adcda04f964a520323221e3,48.85399681424528,2.3326457751586753,La Société,48.85441277448896,2.3333959705993363,4bf58dd8d48988d10c941735,French Restaurant
152,Café de Flore,4adcda04f964a520323221e3,48.85399681424528,2.3326457751586753,La Divina Commedia,48.85369621795097,2.3312276429173826,4bf58dd8d48988d110941735,Italian Restaurant
153,Café de Flore,4adcda04f964a520323221e3,48.85399681424528,2.3326457751586753,Lupicia,48.85469476698068,2.3335834588292013,4bf58dd8d48988d1dc931735,Tea Room
154,Café de Flore,4adcda04f964a520323221e3,48.85399681424528,2.3326457751586753,Taokan,48.852635008873975,2.331433743238449,4bf58dd8d48988d145941735,Chinese Restaurant
155,Café de Flore,4adcda04f964a520323221e3,48.85399681424528,2.3326457751586753,Chez Papa Jazz Club,48.855377470984564,2.3334968044507325,4bf58dd8d48988d1e7931735,Jazz Club
156,Café de Flore,4adcda04f964a520323221e3,48.85399681424528,2.3326457751586753,Louis Vuitton,48.8541031,2.3328477,4bf58dd8d48988d104951735,Boutique
157,Café de Flore,4adcda04f964a520323221e3,48.85399681424528,2.3326457751586753,Debauve & Gallais,48.85530861281458,2.331070218960295,4bf58dd8d48988d117951735,Candy Store
158,Café de Flore,4adcda04f964a520323221e3,48.85399681424528,2.3326457751586753,Emporio Armani Caffé,48.85368036324045,2.332577705383301,4bf58dd8d48988d110941735,Italian Restaurant
159,Café de Flore,4adcda04f964a520323221e3,48.85399681424528,2.3326457751586753,La Locanda,48.85376907123275,2.3313042644394653,4bf58dd8d48988d110941735,Italian Restaurant
160,Café de Flore,4adcda04f964a520323221e3,48.85399681424528,2.3326457751586753,Le Bonaparte,48.854391846955174,2.3334674313112793,4bf58dd8d48988d10c941735,French Restaurant
161,Café de Flore,4adcda04f964a520323221e3,48.85399681424528,2.3326457751586753,J.M. Weston,48.85273486105518,2.3320181202271217,4bf58dd8d48988d107951735,Shoe Store
162,Café de Flore,4adcda04f964a520323221e3,48.85399681424528,2.3326457751586753,Le Chocolat Alain Ducasse,48.854229557227995,2.3328303902059018,52f2ab2ebcbc57f1066b8b31,Chocolate Shop
163,Café de Flore,4adcda04f964a520323221e3,48.85399681424528,2.3326457751586753,kbg,48.85368997734306,2.3312310381166927,4bf58dd8d48988d113941735,Korean Restaurant
164,Café de Flore,4adcda04f964a520323221e3,48.85399681424528,2.3326457751586753,Emporio Armani Store,48.85377950167428,2.3323565713887207,4bf58dd8d48988d104951735,Boutique
165,Café de Flore,4adcda04f964a520323221e3,48.85399681424528,2.3326457751586753,Le Bar des Prés,48.85277,2.3306525,4bf58dd8d48988d111941735,Japanese Restaurant
166,Angelina,4adcda12f964a520543621e3,48.865089750224186,2.3284433919743606,Balenciaga,48.8659267043082,2.330284387731581,4bf58dd8d48988d108951735,Women's Store
167,Angelina,4adcda12f964a520543621e3,48.865089750224186,2.3284433919743606,Balagan,48.865432333548,2.3296802389659015,56aa371be4b08b9a8d573529,Israeli Restaurant
168,Angelina,4adcda12f964a520543621e3,48.865089750224186,2.3284433919743606,Librairie Galignani,48.864989,2.32857,4bf58dd8d48988d114951735,Bookstore
169,Angelina,4adcda12f964a520543621e3,48.865089750224186,2.3284433919743606,Ladurée,48.86612102985312,2.3284493959564543,4bf58dd8d48988d1d0941735,Dessert Shop
170,Angelina,4adcda12f964a520543621e3,48.865089750224186,2.3284433919743606,Hôtel Costes,48.86666608945805,2.3279080151205545,4bf58dd8d48988d1fa931735,Hotel
171,Angelina,4adcda12f964a520543621e3,48.865089750224186,2.3284433919743606,Hôtel Le Meurice,48.8653326,2.3281374,4bf58dd8d48988d1fa931735,Hotel
172,Angelina,4adcda12f964a520543621e3,48.865089750224186,2.3284433919743606,Angelina,48.865089750224186,2.3284433919743606,4bf58dd8d48988d1dc931735,Tea Room
173,Angelina,4adcda12f964a520543621e3,48.865089750224186,2.3284433919743606,Le Dalí,48.865196171140816,2.3280952127483943,4bf58dd8d48988d10c941735,French Restaurant
174,Angelina,4adcda12f964a520543621e3,48.865089750224186,2.3284433919743606,Restaurant Costes Saint-Honoré,48.866697894503744,2.3278935244036782,4bf58dd8d48988d10c941735,French Restaurant
175,Angelina,4adcda12f964a520543621e3,48.865089750224186,2.3284433919743606,Bar de l'Hôtel Costes,48.86673982195345,2.3279120163665894,4bf58dd8d48988d1d5941735,Hotel Bar
176,Angelina,4adcda12f964a520543621e3,48.865089750224186,2.3284433919743606,Café Kitsuné,48.864451,2.33031,4bf58dd8d48988d1e0931735,Coffee Shop
177,Angelina,4adcda12f964a520543621e3,48.865089750224186,2.3284433919743606,Kinugawa Vendôme,48.86547710892282,2.3289835302421125,4bf58dd8d48988d111941735,Japanese Restaurant
178,Angelina,4adcda12f964a520543621e3,48.865089750224186,2.3284433919743606,Louis Vuitton,48.8666749,2.3288837,4bf58dd8d48988d104951735,Boutique
179,Angelina,4adcda12f964a520543621e3,48.865089750224186,2.3284433919743606,Hôtel Brighton,48.864851029566395,2.329005330704668,4bf58dd8d48988d1fa931735,Hotel
180,Angelina,4adcda12f964a520543621e3,48.865089750224186,2.3284433919743606,Ferdi,48.866383,2.3267124,4bf58dd8d48988d16c941735,Burger Joint
181,Angelina,4adcda12f964a520543621e3,48.865089750224186,2.3284433919743606,Jovoy,48.865571820030986,2.3275825048045817,52f2ab2ebcbc57f1066b8b23,Perfume Shop
182,Angelina,4adcda12f964a520543621e3,48.865089750224186,2.3284433919743606,Carré des Feuillants,48.86623003973648,2.3287292149896883,4bf58dd8d48988d10c941735,French Restaurant
183,Angelina,4adcda12f964a520543621e3,48.865089750224186,2.3284433919743606,Goyard,48.86647624483724,2.328925407729518,4bf58dd8d48988d102951735,Accessories Store
184,Angelina,4adcda12f964a520543621e3,48.865089750224186,2.3284433919743606,Jean-Paul Hévin,48.86611759485579,2.329147144992021,52f2ab2ebcbc57f1066b8b31,Chocolate Shop
185,Angelina,4adcda12f964a520543621e3,48.865089750224186,2.3284433919743606,Carolina Herrera,48.866831074118366,2.3287049329408145,4bf58dd8d48988d103951735,Clothing Store
186,Angelina,4adcda12f964a520543621e3,48.865089750224186,2.3284433919743606,Le Castiglione,48.86638049166744,2.3287635891028913,4bf58dd8d48988d10c941735,French Restaurant
187,Angelina,4adcda12f964a520543621e3,48.865089750224186,2.3284433919743606,Uma,48.86516293320189,2.3304949700832367,4bf58dd8d48988d111941735,Japanese Restaurant
188,Angelina,4adcda12f964a520543621e3,48.865089750224186,2.3284433919743606,Bar 228,48.865336,2.328134,4bf58dd8d48988d1d5941735,Hotel Bar
189,Angelina,4adcda12f964a520543621e3,48.865089750224186,2.3284433919743606,Restaurant Le Meurice Alain Ducasse,48.86529145109384,2.3280563207176783,4bf58dd8d48988d10c941735,French Restaurant
190,Angelina,4adcda12f964a520543621e3,48.865089750224186,2.3284433919743606,Les Malles Moynat,48.866119181714105,2.3296621666745567,4bf58dd8d48988d104951735,Boutique
191,Angelina,4adcda12f964a520543621e3,48.865089750224186,2.3284433919743606,Taokan,48.865289,2.329614,52af3a7c3cf9994f4e043bed,Cantonese Restaurant
192,Angelina,4adcda12f964a520543621e3,48.865089750224186,2.3284433919743606,The Westin Paris – Vendôme,48.8654924,2.3271121,4bf58dd8d48988d1fa931735,Hotel
193,Angelina,4adcda12f964a520543621e3,48.865089750224186,2.3284433919743606,Ex Nihilo,48.86637158525301,2.329142732409616,4bf58dd8d48988d10c951735,Cosmetics Shop
194,Angelina,4adcda12f964a520543621e3,48.865089750224186,2.3284433919743606,Hôtel Renaissance Paris Vendôme,48.8654778858979,2.329597771167755,4bf58dd8d48988d1fa931735,Hotel
195,Angelina,4adcda12f964a520543621e3,48.865089750224186,2.3284433919743606,Ladurée,48.865312,2.327733,4bf58dd8d48988d1d0941735,Dessert Shop
196,Ladurée,4bc5e23151b376b0ce8e1a6f,48.870780615282726,2.3030948638916016,Hôtel Barrière Le Fouquet's,48.87103466373769,2.3016529785092796,4bf58dd8d48988d1fa931735,Hotel
197,Ladurée,4bc5e23151b376b0ce8e1a6f,48.870780615282726,2.3030948638916016,Guerlain,48.87097594,2.30514516,4bf58dd8d48988d10c951735,Cosmetics Shop
198,Ladurée,4bc5e23151b376b0ce8e1a6f,48.870780615282726,2.3030948638916016,Ladurée,48.870780615282726,2.3030948638916016,5744ccdfe4b0c0459246b4e2,Pastry Shop
199,Ladurée,4bc5e23151b376b0ce8e1a6f,48.870780615282726,2.3030948638916016,SEPHORA,48.871018435400345,2.30500191450119,4bf58dd8d48988d10c951735,Cosmetics Shop
200,Ladurée,4bc5e23151b376b0ce8e1a6f,48.870780615282726,2.3030948638916016,Tiffany & Co.,48.870801,2.305653,4bf58dd8d48988d111951735,Jewelry Store
201,Ladurée,4bc5e23151b376b0ce8e1a6f,48.870780615282726,2.3030948638916016,Miss Kō,48.870988490759345,2.300865757822489,4bf58dd8d48988d111941735,Japanese Restaurant
202,Ladurée,4bc5e23151b376b0ce8e1a6f,48.870780615282726,2.3030948638916016,Hôtel Paris Marriott Champs-Élysées,48.87121341121234,2.305065028801323,4bf58dd8d48988d1fa931735,Hotel
203,Ladurée,4bc5e23151b376b0ce8e1a6f,48.870780615282726,2.3030948638916016,Hôtel Lancaster,48.872389933316335,2.303463200824445,4bf58dd8d48988d1fa931735,Hotel
204,Ladurée,4bc5e23151b376b0ce8e1a6f,48.870780615282726,2.3030948638916016,Le Restaurant,48.871523629739414,2.305503841179002,4bf58dd8d48988d10c941735,French Restaurant
205,Ladurée,4bc5e23151b376b0ce8e1a6f,48.870780615282726,2.3030948638916016,86 Champs (L'Occitane x Pierre Hermé),48.87151354913555,2.3036976638604756,4bf58dd8d48988d16d941735,Café
206,Ladurée,4bc5e23151b376b0ce8e1a6f,48.870780615282726,2.3030948638916016,Au Bureau,48.869760407781826,2.304318123247185,4bf58dd8d48988d155941735,Gastropub
207,Ladurée,4bc5e23151b376b0ce8e1a6f,48.870780615282726,2.3030948638916016,Fraser Suites Le Claridge Champs-Élysées,48.87139950737721,2.3048528789140095,4bf58dd8d48988d1fa931735,Hotel
208,Ladurée,4bc5e23151b376b0ce8e1a6f,48.870780615282726,2.3030948638916016,Le Fouquet's,48.87138080899263,2.3012575507164,4bf58dd8d48988d10c941735,French Restaurant
209,Ladurée,4bc5e23151b376b0ce8e1a6f,48.870780615282726,2.3030948638916016,Hôtel Château Frontenac,48.86912117248404,2.3026616168959815,4bf58dd8d48988d1fa931735,Hotel
210,Ladurée,4bc5e23151b376b0ce8e1a6f,48.870780615282726,2.3030948638916016,Pierre Hermé,48.871260444482026,2.303711782881441,5744ccdfe4b0c0459246b4e2,Pastry Shop
211,Ladurée,4bc5e23151b376b0ce8e1a6f,48.870780615282726,2.3030948638916016,DIEP,48.869429556007645,2.302994948737823,4bf58dd8d48988d145941735,Chinese Restaurant
212,Ladurée,4bc5e23151b376b0ce8e1a6f,48.870780615282726,2.3030948638916016,Kenzo,48.871210356256455,2.300805300648652,5032781d91d4c4b30a586d5b,Tailor Shop
213,Ladurée,4bc5e23151b376b0ce8e1a6f,48.870780615282726,2.3030948638916016,Le Pain Quotidien,48.86987025485287,2.304532527923584,4bf58dd8d48988d143941735,Breakfast Spot
214,Ladurée,4bc5e23151b376b0ce8e1a6f,48.870780615282726,2.3030948638916016,Health City,48.87131039289349,2.304324589533369,4bf58dd8d48988d175941735,Gym / Fitness Center
215,Ladurée,4bc5e23151b376b0ce8e1a6f,48.870780615282726,2.3030948638916016,La Maison du Caviar,48.87064940255528,2.301834184050095,4bf58dd8d48988d10c941735,French Restaurant
216,Ladurée,4bc5e23151b376b0ce8e1a6f,48.870780615282726,2.3030948638916016,Arcades des Champs-Élysées,48.87143267723421,2.3044145107269283,5744ccdfe4b0c0459246b4dc,Shopping Plaza
217,Ladurée,4bc5e23151b376b0ce8e1a6f,48.870780615282726,2.3030948638916016,Starbucks,48.87142632601174,2.3043715953826904,4bf58dd8d48988d1e0931735,Coffee Shop
218,Ladurée,4bc5e23151b376b0ce8e1a6f,48.870780615282726,2.3030948638916016,Zara,48.87164800032203,2.302931163719131,4bf58dd8d48988d103951735,Clothing Store
219,Ladurée,4bc5e23151b376b0ce8e1a6f,48.870780615282726,2.3030948638916016,Foot Locker,48.870914,2.305352,4bf58dd8d48988d107951735,Shoe Store
220,Ladurée,4bc5e23151b376b0ce8e1a6f,48.870780615282726,2.3030948638916016,Léon de Bruxelles,48.87042653,2.30429207,52e81612bcbc57f1066b7a02,Belgian Restaurant
221,Ladurée,4bc5e23151b376b0ce8e1a6f,48.870780615282726,2.3030948638916016,La Maison du Chocolat,48.86933583759842,2.302933923215407,52f2ab2ebcbc57f1066b8b31,Chocolate Shop
222,Ladurée,4bc5e23151b376b0ce8e1a6f,48.870780615282726,2.3030948638916016,Paul,48.871342916157126,2.304014453420791,4bf58dd8d48988d16a941735,Bakery
223,Ladurée,4bc5e23151b376b0ce8e1a6f,48.870780615282726,2.3030948638916016,Tag Heuer,48.87184922086247,2.3016466974089766,4bf58dd8d48988d111951735,Jewelry Store
224,Ladurée,4bc5e23151b376b0ce8e1a6f,48.870780615282726,2.3030948638916016,Hermès,48.8701956520326,2.3012597267159474,5032781d91d4c4b30a586d5b,Tailor Shop
225,Ladurée,4bc5e23151b376b0ce8e1a6f,48.870780615282726,2.3030948638916016,Restaurant & Lounge Bar Le W,48.87211902657388,2.303356684047102,4bf58dd8d48988d10c941735,French Restaurant
226,Les Bonnes Sœurs,4b8a4680f964a520a76632e3,48.85600439835367,2.366941119545712,Place des Vosges,48.85562342675294,2.365531325340271,4bf58dd8d48988d164941735,Plaza
227,Les Bonnes Sœurs,4b8a4680f964a520a76632e3,48.85600439835367,2.366941119545712,La Moustache Blanche,48.85452477876369,2.3673031736565684,5370f356bcbc57f1066c94c2,Beer Store
228,Les Bonnes Sœurs,4b8a4680f964a520a76632e3,48.85600439835367,2.366941119545712,Chez Janou,48.85664435397839,2.36724340761729,57558b36e4b065ecebd306d7,Provençal Restaurant
229,Les Bonnes Sœurs,4b8a4680f964a520a76632e3,48.85600439835367,2.366941119545712,Hôtel Pavillon de la Reine,48.856386591661504,2.366008934683876,4bf58dd8d48988d1fa931735,Hotel
230,Les Bonnes Sœurs,4b8a4680f964a520a76632e3,48.85600439835367,2.366941119545712,Carette,48.856304628258506,2.3654937744140625,4bf58dd8d48988d1dc931735,Tea Room
231,Les Bonnes Sœurs,4b8a4680f964a520a76632e3,48.85600439835367,2.366941119545712,La Carte des Vins,48.85581537830124,2.368633369486338,4bf58dd8d48988d119951735,Wine Shop
232,Les Bonnes Sœurs,4b8a4680f964a520a76632e3,48.85600439835367,2.366941119545712,Le Petit Marché,48.85725921677337,2.3662138652687053,4bf58dd8d48988d10c941735,French Restaurant
233,Les Bonnes Sœurs,4b8a4680f964a520a76632e3,48.85600439835367,2.366941119545712,Back in Black,48.85621241952982,2.3690027743577957,4bf58dd8d48988d1e0931735,Coffee Shop
234,Les Bonnes Sœurs,4b8a4680f964a520a76632e3,48.85600439835367,2.366941119545712,Chocolaterie Joséphine Vannier,48.85590203900677,2.367756939475856,52f2ab2ebcbc57f1066b8b31,Chocolate Shop
235,Les Bonnes Sœurs,4b8a4680f964a520a76632e3,48.85600439835367,2.366941119545712,Dammann Frères,48.855861567283824,2.364829753752238,4bf58dd8d48988d1dc931735,Tea Room
236,Les Bonnes Sœurs,4b8a4680f964a520a76632e3,48.85600439835367,2.366941119545712,Bistrot de l'Oulette,48.855543576518954,2.367340331440506,4bf58dd8d48988d10c941735,French Restaurant
237,Les Bonnes Sœurs,4b8a4680f964a520a76632e3,48.85600439835367,2.366941119545712,Le Petit Italien,48.85774295923826,2.366427120931592,4bf58dd8d48988d110941735,Italian Restaurant
238,Les Bonnes Sœurs,4b8a4680f964a520a76632e3,48.85600439835367,2.366941119545712,L'Area Café,48.854247991532944,2.367328600640753,4bf58dd8d48988d16b941735,Brazilian Restaurant
239,Les Bonnes Sœurs,4b8a4680f964a520a76632e3,48.85600439835367,2.366941119545712,Yellow Tucan,48.854684,2.367288,4bf58dd8d48988d1e0931735,Coffee Shop
240,Les Bonnes Sœurs,4b8a4680f964a520a76632e3,48.85600439835367,2.366941119545712,The Brooklyn Pizzeria,48.85590797137251,2.3684435626251457,4bf58dd8d48988d1ca941735,Pizza Place
241,Les Bonnes Sœurs,4b8a4680f964a520a76632e3,48.85600439835367,2.366941119545712,Bistrot des Vosges,48.85569718910249,2.368231639266014,4bf58dd8d48988d10c941735,French Restaurant
242,Les Bonnes Sœurs,4b8a4680f964a520a76632e3,48.85600439835367,2.366941119545712,Maison de Victor Hugo,48.85517319635984,2.3658665866902946,4deefb944765f83613cdba6e,Historic Site
243,Les Bonnes Sœurs,4b8a4680f964a520a76632e3,48.85600439835367,2.366941119545712,Alma the Chimney Cake Factory,48.857132,2.3679283,4bf58dd8d48988d1e0931735,Coffee Shop
244,Les Bonnes Sœurs,4b8a4680f964a520a76632e3,48.85600439835367,2.366941119545712,Harley Davidson,48.856995594294226,2.3682206846387217,4bf58dd8d48988d1ff941735,Miscellaneous Shop
245,Les Bonnes Sœurs,4b8a4680f964a520a76632e3,48.85600439835367,2.366941119545712,Le Café Chinois,48.85725825450675,2.366257942340953,4bf58dd8d48988d1e0931735,Coffee Shop
246,Les Bonnes Sœurs,4b8a4680f964a520a76632e3,48.85600439835367,2.366941119545712,Maison Landemaine,48.855955,2.368805,4bf58dd8d48988d16a941735,Bakery
247,Les Bonnes Sœurs,4b8a4680f964a520a76632e3,48.85600439835367,2.366941119545712,Café Hugo,48.8559924395967,2.366606556957324,4bf58dd8d48988d16d941735,Café
248,Les Bonnes Sœurs,4b8a4680f964a520a76632e3,48.85600439835367,2.366941119545712,Les Bonnes Sœurs,48.85600439835367,2.366941119545712,4bf58dd8d48988d10c941735,French Restaurant
249,Les Bonnes Sœurs,4b8a4680f964a520a76632e3,48.85600439835367,2.366941119545712,Juice Lab,48.856288745427406,2.365609109401703,4bf58dd8d48988d112941735,Juice Bar
250,Les Bonnes Sœurs,4b8a4680f964a520a76632e3,48.85600439835367,2.366941119545712,Le Beaumarchais,48.85514431276109,2.368605551961227,4bf58dd8d48988d10c941735,French Restaurant
251,Les Bonnes Sœurs,4b8a4680f964a520a76632e3,48.85600439835367,2.366941119545712,Square Louis XIII,48.855829862370015,2.3653188899431337,4bf58dd8d48988d163941735,Park
252,Les Bonnes Sœurs,4b8a4680f964a520a76632e3,48.85600439835367,2.366941119545712,Delirio,48.8570619264246,2.368835054725278,4bf58dd8d48988d16d941735,Café
253,Les Bonnes Sœurs,4b8a4680f964a520a76632e3,48.85600439835367,2.366941119545712,Cave Saint Gilles,48.8577205602716,2.3673756954410634,4bf58dd8d48988d1db931735,Tapas Restaurant
254,Biglove Caffè,583025d07ff1e43c19cd8599,48.86206260694734,2.363556952325989,Marché des Enfants Rouges,48.862805577255905,2.3619961738586426,4bf58dd8d48988d1fa941735,Farmers Market
255,Biglove Caffè,583025d07ff1e43c19cd8599,48.86206260694734,2.363556952325989,Chez Alain Miam Miam,48.862369156725826,2.361949874504966,4bf58dd8d48988d1c5941735,Sandwich Place
256,Biglove Caffè,583025d07ff1e43c19cd8599,48.86206260694734,2.363556952325989,Galerie Thaddaeus Ropac,48.86058151476433,2.3635389810078777,4bf58dd8d48988d1e2931735,Art Gallery
257,Biglove Caffè,583025d07ff1e43c19cd8599,48.86206260694734,2.363556952325989,Chez Alain Miam Miam,48.86278066936393,2.362063870044378,4bf58dd8d48988d1c5941735,Sandwich Place
258,Biglove Caffè,583025d07ff1e43c19cd8599,48.86206260694734,2.363556952325989,Le Mary Céleste,48.86174155463238,2.3650123178958893,4bf58dd8d48988d11e941735,Cocktail Bar
259,Biglove Caffè,583025d07ff1e43c19cd8599,48.86206260694734,2.363556952325989,Candelaria,48.86303212989039,2.3640589318953125,4bf58dd8d48988d11e941735,Cocktail Bar
260,Biglove Caffè,583025d07ff1e43c19cd8599,48.86206260694734,2.363556952325989,Le Burger Fermier des Enfants Rouges,48.862831267361834,2.362072655802718,4bf58dd8d48988d16c941735,Burger Joint
261,Biglove Caffè,583025d07ff1e43c19cd8599,48.86206260694734,2.363556952325989,Fromagerie Jouannault,48.86294724752955,2.3625297856770335,4bf58dd8d48988d11e951735,Cheese Shop
262,Biglove Caffè,583025d07ff1e43c19cd8599,48.86206260694734,2.363556952325989,SoMa,48.86151090488514,2.3621459089408225,4bf58dd8d48988d111941735,Japanese Restaurant
263,Biglove Caffè,583025d07ff1e43c19cd8599,48.86206260694734,2.363556952325989,Les Enfants Rouges,48.863012925486814,2.3612595453403116,4bf58dd8d48988d123941735,Wine Bar
264,Biglove Caffè,583025d07ff1e43c19cd8599,48.86206260694734,2.363556952325989,Biglove Caffè,48.86206260694734,2.363556952325989,4bf58dd8d48988d110941735,Italian Restaurant
265,Biglove Caffè,583025d07ff1e43c19cd8599,48.86206260694734,2.363556952325989,Little Red Door,48.863702712072616,2.3635136711780285,4bf58dd8d48988d1d4941735,Speakeasy
266,Biglove Caffè,583025d07ff1e43c19cd8599,48.86206260694734,2.363556952325989,French Trotters,48.86179145989662,2.3641142537557283,4bf58dd8d48988d103951735,Clothing Store
267,Biglove Caffè,583025d07ff1e43c19cd8599,48.86206260694734,2.363556952325989,Chez Taeko,48.862733763586455,2.362135982749459,4bf58dd8d48988d111941735,Japanese Restaurant
268,Biglove Caffè,583025d07ff1e43c19cd8599,48.86206260694734,2.363556952325989,Boot Café,48.861289530249095,2.3652917536188585,4bf58dd8d48988d16d941735,Café
269,Biglove Caffè,583025d07ff1e43c19cd8599,48.86206260694734,2.363556952325989,Les Enfants Du Marché,48.862746,2.36195,4bf58dd8d48988d10c941735,French Restaurant
270,Biglove Caffè,583025d07ff1e43c19cd8599,48.86206260694734,2.363556952325989,Empreintes,48.86332340984598,2.362042582425243,4bf58dd8d48988d104951735,Boutique
271,Biglove Caffè,583025d07ff1e43c19cd8599,48.86206260694734,2.363556952325989,Papier Tigre,48.86235269767192,2.3650813847780228,4bf58dd8d48988d121951735,Paper / Office Supplies Store
272,Biglove Caffè,583025d07ff1e43c19cd8599,48.86206260694734,2.363556952325989,Galerie Karsten Greve,48.86051678913553,2.363767304692995,4bf58dd8d48988d1e2931735,Art Gallery
273,Biglove Caffè,583025d07ff1e43c19cd8599,48.86206260694734,2.363556952325989,Ob-La-Di,48.86312055419194,2.364058705830601,4bf58dd8d48988d1e0931735,Coffee Shop
274,Biglove Caffè,583025d07ff1e43c19cd8599,48.86206260694734,2.363556952325989,Fringe,48.862612,2.364752,4bf58dd8d48988d1e0931735,Coffee Shop
275,Biglove Caffè,583025d07ff1e43c19cd8599,48.86206260694734,2.363556952325989,Yvon Lambert Libraire,48.862661,2.36606,4bf58dd8d48988d114951735,Bookstore
276,Biglove Caffè,583025d07ff1e43c19cd8599,48.86206260694734,2.363556952325989,Traiteur Marocain,48.86292280965422,2.361933498333956,4bf58dd8d48988d1c3941735,Moroccan Restaurant
277,Biglove Caffè,583025d07ff1e43c19cd8599,48.86206260694734,2.363556952325989,Café Charlot,48.86294015930223,2.362579606811839,52e81612bcbc57f1066b79f1,Bistro
278,Biglove Caffè,583025d07ff1e43c19cd8599,48.86206260694734,2.363556952325989,Araku Coffee,48.862653,2.362837,4bf58dd8d48988d1e0931735,Coffee Shop
279,Biglove Caffè,583025d07ff1e43c19cd8599,48.86206260694734,2.363556952325989,Caractère de Cochon,48.862847513125004,2.3624565753699813,4bf58dd8d48988d1f5941735,Gourmet Shop
280,Biglove Caffè,583025d07ff1e43c19cd8599,48.86206260694734,2.363556952325989,Gloss'up,48.86355421673374,2.3633300059081064,4bf58dd8d48988d10c951735,Cosmetics Shop
281,Biglove Caffè,583025d07ff1e43c19cd8599,48.86206260694734,2.363556952325989,Wild & the Moon,48.86342560815879,2.3631270881551645,4c2cd86ed066bed06c3c5209,Gluten-free Restaurant
282,Biglove Caffè,583025d07ff1e43c19cd8599,48.86206260694734,2.363556952325989,Pierre Hermé,48.862172825135055,2.364048048741069,5744ccdfe4b0c0459246b4e2,Pastry Shop
283,Biglove Caffè,583025d07ff1e43c19cd8599,48.86206260694734,2.363556952325989,Ladurée,48.86284192817595,2.36290872641257,4bf58dd8d48988d1d0941735,Dessert Shop
284,Eggs & Co,4cc9f623b878a093404b799a,48.85311560765672,2.331547737121582,Place Saint-Germain-des-Prés,48.85418334331855,2.3335111141204834,4bf58dd8d48988d164941735,Plaza
285,Eggs & Co,4cc9f623b878a093404b799a,48.85311560765672,2.331547737121582,Ralph Lauren,48.854155105974385,2.330697476863861,4bf58dd8d48988d103951735,Clothing Store
286,Eggs & Co,4cc9f623b878a093404b799a,48.85311560765672,2.331547737121582,Blueberry,48.85263795367982,2.3315514486810374,4bf58dd8d48988d111941735,Japanese Restaurant
287,Eggs & Co,4cc9f623b878a093404b799a,48.85311560765672,2.331547737121582,Aux Prés,48.85268508354687,2.3304822379483405,4bf58dd8d48988d10c941735,French Restaurant
288,Eggs & Co,4cc9f623b878a093404b799a,48.85311560765672,2.331547737121582,Pierre Hermé,48.851532,2.332766,5744ccdfe4b0c0459246b4e2,Pastry Shop
289,Eggs & Co,4cc9f623b878a093404b799a,48.85311560765672,2.331547737121582,Cook'n Saj,48.853142,2.331967,58daa1558bbb0b01f18ec1cd,Lebanese Restaurant
290,Eggs & Co,4cc9f623b878a093404b799a,48.85311560765672,2.331547737121582,Eggs & Co,48.85311560765672,2.331547737121582,4bf58dd8d48988d10c941735,French Restaurant
291,Eggs & Co,4cc9f623b878a093404b799a,48.85311560765672,2.331547737121582,Chez Georges,48.85217316270022,2.3337117120623367,4bf58dd8d48988d123941735,Wine Bar
292,Eggs & Co,4cc9f623b878a093404b799a,48.85311560765672,2.331547737121582,City Pharma,48.852703,2.333387,4bf58dd8d48988d10f951735,Pharmacy
293,Eggs & Co,4cc9f623b878a093404b799a,48.85311560765672,2.331547737121582,Ralph's,48.85414804663584,2.3306331038475037,4bf58dd8d48988d14e941735,American Restaurant
294,Eggs & Co,4cc9f623b878a093404b799a,48.85311560765672,2.331547737121582,Les Deux Magots,48.853999335657115,2.3331602155448303,4bf58dd8d48988d16d941735,Café
295,Eggs & Co,4cc9f623b878a093404b799a,48.85311560765672,2.331547737121582,Le Relais de l'Entrecôte,48.854678,2.332847,4bf58dd8d48988d1cc941735,Steakhouse
296,Eggs & Co,4cc9f623b878a093404b799a,48.85311560765672,2.331547737121582,Place du Québec,48.853527,2.333188,4bf58dd8d48988d164941735,Plaza
297,Eggs & Co,4cc9f623b878a093404b799a,48.85311560765672,2.331547737121582,Café de Flore,48.85399681424528,2.3326457751586753,4bf58dd8d48988d16d941735,Café
298,Eggs & Co,4cc9f623b878a093404b799a,48.85311560765672,2.331547737121582,L'Écume des Pages,48.85403229432768,2.332334772880613,4bf58dd8d48988d114951735,Bookstore
299,Eggs & Co,4cc9f623b878a093404b799a,48.85311560765672,2.331547737121582,La Société,48.85441277448896,2.3333959705993363,4bf58dd8d48988d10c941735,French Restaurant
300,Eggs & Co,4cc9f623b878a093404b799a,48.85311560765672,2.331547737121582,Théâtre du Vieux-Colombier,48.851834300340485,2.3302614947643665,4bf58dd8d48988d137941735,Theater
301,Eggs & Co,4cc9f623b878a093404b799a,48.85311560765672,2.331547737121582,La Divina Commedia,48.85369621795097,2.3312276429173826,4bf58dd8d48988d110941735,Italian Restaurant
302,Eggs & Co,4cc9f623b878a093404b799a,48.85311560765672,2.331547737121582,Taokan,48.852635008873975,2.331433743238449,4bf58dd8d48988d145941735,Chinese Restaurant
303,Eggs & Co,4cc9f623b878a093404b799a,48.85311560765672,2.331547737121582,Louis Vuitton,48.8541031,2.3328477,4bf58dd8d48988d104951735,Boutique
304,Eggs & Co,4cc9f623b878a093404b799a,48.85311560765672,2.331547737121582,Emporio Armani Caffé,48.85368036324045,2.332577705383301,4bf58dd8d48988d110941735,Italian Restaurant
305,Eggs & Co,4cc9f623b878a093404b799a,48.85311560765672,2.331547737121582,Pâtisserie Michalak,48.8514724856501,2.3322290182113647,5744ccdfe4b0c0459246b4e2,Pastry Shop
306,Eggs & Co,4cc9f623b878a093404b799a,48.85311560765672,2.331547737121582,La Locanda,48.85376907123275,2.3313042644394653,4bf58dd8d48988d110941735,Italian Restaurant
307,Eggs & Co,4cc9f623b878a093404b799a,48.85311560765672,2.331547737121582,Le Bonaparte,48.854391846955174,2.3334674313112793,4bf58dd8d48988d10c941735,French Restaurant
308,Eggs & Co,4cc9f623b878a093404b799a,48.85311560765672,2.331547737121582,J.M. Weston,48.85273486105518,2.3320181202271217,4bf58dd8d48988d107951735,Shoe Store
309,Eggs & Co,4cc9f623b878a093404b799a,48.85311560765672,2.331547737121582,Le Chocolat Alain Ducasse,48.854229557227995,2.3328303902059018,52f2ab2ebcbc57f1066b8b31,Chocolate Shop
310,Eggs & Co,4cc9f623b878a093404b799a,48.85311560765672,2.331547737121582,kbg,48.85368997734306,2.3312310381166927,4bf58dd8d48988d113941735,Korean Restaurant
311,Eggs & Co,4cc9f623b878a093404b799a,48.85311560765672,2.331547737121582,Emporio Armani Store,48.85377950167428,2.3323565713887207,4bf58dd8d48988d104951735,Boutique
312,Eggs & Co,4cc9f623b878a093404b799a,48.85311560765672,2.331547737121582,Le Bar des Prés,48.85277,2.3306525,4bf58dd8d48988d111941735,Japanese Restaurant
313,Eggs & Co,4cc9f623b878a093404b799a,48.85311560765672,2.331547737121582,L'Altro,48.85335427139471,2.3309886304008716,4bf58dd8d48988d110941735,Italian Restaurant
314,Café Marlette,53037fbb498e6f8b7ada68a3,48.88021167483201,2.340392007241914,Le Pantruche,48.88056015343903,2.339729019034071,4bf58dd8d48988d10c941735,French Restaurant
315,Café Marlette,53037fbb498e6f8b7ada68a3,48.88021167483201,2.340392007241914,KB CaféShop,48.88063498100937,2.3407598491394306,4bf58dd8d48988d1e0931735,Coffee Shop
316,Café Marlette,53037fbb498e6f8b7ada68a3,48.88021167483201,2.340392007241914,Hôtel Amour,48.87963106634556,2.339414656162262,4bf58dd8d48988d1fa931735,Hotel
317,Café Marlette,53037fbb498e6f8b7ada68a3,48.88021167483201,2.340392007241914,Le Comptoir Belge,48.8803583262469,2.3404018703130935,4bf58dd8d48988d1d0941735,Dessert Shop
318,Café Marlette,53037fbb498e6f8b7ada68a3,48.88021167483201,2.340392007241914,Café Marlette,48.88021167483201,2.340392007241914,4bf58dd8d48988d143941735,Breakfast Spot
319,Café Marlette,53037fbb498e6f8b7ada68a3,48.88021167483201,2.340392007241914,La Petite Bretonne,48.88024938084369,2.3403914557064045,52e81612bcbc57f1066b79f2,Creperie
320,Café Marlette,53037fbb498e6f8b7ada68a3,48.88021167483201,2.340392007241914,Rose Bakery,48.87939558030176,2.340136170387268,4bf58dd8d48988d16a941735,Bakery
321,Café Marlette,53037fbb498e6f8b7ada68a3,48.88021167483201,2.340392007241914,Le Pain Quotidien,48.880029714349604,2.340559959411621,4bf58dd8d48988d143941735,Breakfast Spot
322,Claus - La table du petit-déjeuner,4de77728e4cdfedb8a9dad41,48.862457,2.34062,Christian Louboutin,48.86269669087095,2.3407570303733496,4bf58dd8d48988d107951735,Shoe Store
323,Claus - La table du petit-déjeuner,4de77728e4cdfedb8a9dad41,48.862457,2.34062,La Régalade Saint-Honoré,48.861619829461404,2.3417487166534374,4bf58dd8d48988d10c941735,French Restaurant
324,Claus - La table du petit-déjeuner,4de77728e4cdfedb8a9dad41,48.862457,2.34062,Fromagerie Danard,48.86329738243539,2.340948006009366,4bf58dd8d48988d11e951735,Cheese Shop
325,Claus - La table du petit-déjeuner,4de77728e4cdfedb8a9dad41,48.862457,2.34062,Boutique yam'Tcha,48.8617098431057,2.342380022000763,4bf58dd8d48988d145941735,Chinese Restaurant
326,Claus - La table du petit-déjeuner,4de77728e4cdfedb8a9dad41,48.862457,2.34062,Le Café Blanc,48.862719,2.339578,4bf58dd8d48988d116941735,Bar
327,Claus - La table du petit-déjeuner,4de77728e4cdfedb8a9dad41,48.862457,2.34062,Pret A Manger,48.86181143006031,2.341311331482022,4bf58dd8d48988d1c5941735,Sandwich Place
328,Claus - La table du petit-déjeuner,4de77728e4cdfedb8a9dad41,48.862457,2.34062,Thémaé,48.8635893167855,2.339755524069546,4bf58dd8d48988d1ed941735,Spa
329,Claus - La table du petit-déjeuner,4de77728e4cdfedb8a9dad41,48.862457,2.34062,La Dame de Pic,48.86147540269398,2.3411022200918414,4bf58dd8d48988d10c941735,French Restaurant
330,Claus - La table du petit-déjeuner,4de77728e4cdfedb8a9dad41,48.862457,2.34062,Claus - La table du petit-déjeuner,48.862457,2.34062,4bf58dd8d48988d143941735,Breakfast Spot
331,Claus - La table du petit-déjeuner,4de77728e4cdfedb8a9dad41,48.862457,2.34062,Yam'Tcha Restaurant,48.861462,2.341898,4bf58dd8d48988d10c941735,French Restaurant
332,Claus - La table du petit-déjeuner,4de77728e4cdfedb8a9dad41,48.862457,2.34062,Galerie Véro-Dodat,48.86265000158334,2.3406919501349823,4deefb944765f83613cdba6e,Historic Site
333,Claus - La table du petit-déjeuner,4de77728e4cdfedb8a9dad41,48.862457,2.34062,Iovine's,48.863475696883604,2.3404900587771134,4bf58dd8d48988d1ca941735,Pizza Place
334,Claus - La table du petit-déjeuner,4de77728e4cdfedb8a9dad41,48.862457,2.34062,Aux Castelblangeois,48.8622394991043,2.339207225072566,4bf58dd8d48988d16a941735,Bakery
335,Claus - La table du petit-déjeuner,4de77728e4cdfedb8a9dad41,48.862457,2.34062,Le Café des Initiés,48.86279675460744,2.341308295726776,52e81612bcbc57f1066b79f1,Bistro
336,Claus - La table du petit-déjeuner,4de77728e4cdfedb8a9dad41,48.862457,2.34062,Du Coq à l'Âne,48.86409,2.3400266,4bf58dd8d48988d116941735,Bar
337,Claus - La table du petit-déjeuner,4de77728e4cdfedb8a9dad41,48.862457,2.34062,L'Épi d'Or,48.862870026972395,2.341348758320673,4bf58dd8d48988d10c941735,French Restaurant
338,Claus - La table du petit-déjeuner,4de77728e4cdfedb8a9dad41,48.862457,2.34062,Café Saint-Honoré,48.86261500770269,2.338070869445801,4bf58dd8d48988d10c941735,French Restaurant
339,Le Pain Quotidien,524fef8411d29554626d9a1a,48.880029714349604,2.340559959411621,Le Pantruche,48.88056015343903,2.339729019034071,4bf58dd8d48988d10c941735,French Restaurant
340,Le Pain Quotidien,524fef8411d29554626d9a1a,48.880029714349604,2.340559959411621,KB CaféShop,48.88063498100937,2.3407598491394306,4bf58dd8d48988d1e0931735,Coffee Shop
341,Le Pain Quotidien,524fef8411d29554626d9a1a,48.880029714349604,2.340559959411621,Hôtel Amour,48.87963106634556,2.339414656162262,4bf58dd8d48988d1fa931735,Hotel
342,Le Pain Quotidien,524fef8411d29554626d9a1a,48.880029714349604,2.340559959411621,Le Comptoir Belge,48.8803583262469,2.3404018703130935,4bf58dd8d48988d1d0941735,Dessert Shop
343,Le Pain Quotidien,524fef8411d29554626d9a1a,48.880029714349604,2.340559959411621,Café Marlette,48.88021167483201,2.340392007241914,4bf58dd8d48988d143941735,Breakfast Spot
344,Le Pain Quotidien,524fef8411d29554626d9a1a,48.880029714349604,2.340559959411621,Café Marguerite,48.87840772330251,2.339788742023232,4bf58dd8d48988d10c941735,French Restaurant
345,Le Pain Quotidien,524fef8411d29554626d9a1a,48.880029714349604,2.340559959411621,La Petite Bretonne,48.88024938084369,2.3403914557064045,52e81612bcbc57f1066b79f2,Creperie
346,Le Pain Quotidien,524fef8411d29554626d9a1a,48.880029714349604,2.340559959411621,Rose Bakery,48.87939558030176,2.340136170387268,4bf58dd8d48988d16a941735,Bakery
347,Le Pain Quotidien,524fef8411d29554626d9a1a,48.880029714349604,2.340559959411621,Le Pain Quotidien,48.880029714349604,2.340559959411621,4bf58dd8d48988d143941735,Breakfast Spot
348,Hardware Société,5710c77a498e3021c0641aa9,48.886901473803164,2.3444633609475147,Hardware Société,48.886901473803164,2.3444633609475147,4bf58dd8d48988d143941735,Breakfast Spot
349,Hardware Société,5710c77a498e3021c0641aa9,48.886901473803164,2.3444633609475147,Dôme de la Basilique du Sacré-Cœur,48.886808713500535,2.343006134033203,4bf58dd8d48988d165941735,Scenic Lookout
350,Hardware Société,5710c77a498e3021c0641aa9,48.886901473803164,2.3444633609475147,Grenouilles,48.88708935523162,2.341800592483232,4bf58dd8d48988d1c5941735,Sandwich Place
351,Hardware Société,5710c77a498e3021c0641aa9,48.886901473803164,2.3444633609475147,Babalou,48.88649048394793,2.3440630171740064,4bf58dd8d48988d110941735,Italian Restaurant
352,Hardware Société,5710c77a498e3021c0641aa9,48.886901473803164,2.3444633609475147,La Porteña,48.88678784966134,2.3470020807963423,4bf58dd8d48988d107941735,Argentinian Restaurant
353,Hardware Société,5710c77a498e3021c0641aa9,48.886901473803164,2.3444633609475147,Parvis du Sacré-Cœur,48.88609895917221,2.3431668165743416,4bf58dd8d48988d164941735,Plaza
354,Hardware Société,5710c77a498e3021c0641aa9,48.886901473803164,2.3444633609475147,Le Petit Bleu,48.886337,2.345263,4bf58dd8d48988d115941735,Middle Eastern Restaurant
355,Hardware Société,5710c77a498e3021c0641aa9,48.886901473803164,2.3444633609475147,Pink Flamingo,48.886526263240455,2.3454794062069473,4bf58dd8d48988d1ca941735,Pizza Place
356,Hardware Société,5710c77a498e3021c0641aa9,48.886901473803164,2.3444633609475147,Colline d'Asie,48.88576334550518,2.3452793061733246,4bf58dd8d48988d142941735,Asian Restaurant
357,Hardware Société,5710c77a498e3021c0641aa9,48.886901473803164,2.3444633609475147,Chez Prout,48.886712,2.346445,52e81612bcbc57f1066b79f1,Bistro
358,Hardware Société,5710c77a498e3021c0641aa9,48.886901473803164,2.3444633609475147,Le Grand 8,48.886773008869476,2.3443941475670416,4bf58dd8d48988d10c941735,French Restaurant
359,Hardware Société,5710c77a498e3021c0641aa9,48.886901473803164,2.3444633609475147,L'Afghani,48.88700181522073,2.3450378416279962,4bf58dd8d48988d115941735,Middle Eastern Restaurant
360,Hardware Société,5710c77a498e3021c0641aa9,48.886901473803164,2.3444633609475147,Parc Marcel Bleustein-Blanchet,48.88746835180486,2.3437471219962562,4bf58dd8d48988d163941735,Park
361,Hardware Société,5710c77a498e3021c0641aa9,48.886901473803164,2.3444633609475147,Raphaëlle,48.885859599713314,2.346485044983027,4bf58dd8d48988d16a941735,Bakery
362,Hardware Société,5710c77a498e3021c0641aa9,48.886901473803164,2.3444633609475147,La Goutte de Lait,48.88710380264245,2.341754669209164,4bf58dd8d48988d1c9941735,Ice Cream Shop
363,Hardware Société,5710c77a498e3021c0641aa9,48.886901473803164,2.3444633609475147,L'Été en Pente Douce,48.88639111260996,2.3450357924000254,4bf58dd8d48988d10c941735,French Restaurant
364,Hardware Société,5710c77a498e3021c0641aa9,48.886901473803164,2.3444633609475147,Cabanon de la Butte,48.88663067836186,2.344526572393059,4bf58dd8d48988d10c941735,French Restaurant
365,Hardware Société,5710c77a498e3021c0641aa9,48.886901473803164,2.3444633609475147,Le Lamarck,48.88672598801092,2.3443457648434647,57558b36e4b065ecebd306d1,Corsican Restaurant
366,Hardware Société,5710c77a498e3021c0641aa9,48.886901473803164,2.3444633609475147,Rosie,48.886806958657665,2.347123803768171,4bf58dd8d48988d116941735,Bar
367,Hardware Société,5710c77a498e3021c0641aa9,48.886901473803164,2.3444633609475147,La Splendens Factory,48.88690813457792,2.3470496422078875,4bf58dd8d48988d1e2931735,Art Gallery
368,Hardware Société,5710c77a498e3021c0641aa9,48.886901473803164,2.3444633609475147,La  Virgule,48.887074595401145,2.3420969549408777,4bf58dd8d48988d116941735,Bar
369,Hardware Société,5710c77a498e3021c0641aa9,48.886901473803164,2.3444633609475147,Sur la Route de Plouescat,48.886536134525116,2.344115685722158,52e81612bcbc57f1066b79f2,Creperie
370,Twinkie Breakfasts,4b8a5057f964a520146832e3,48.865297558872626,2.350472361762968,Partisan,48.86475435958546,2.3530692174680863,4bf58dd8d48988d1e0931735,Coffee Shop
371,Twinkie Breakfasts,4b8a5057f964a520146832e3,48.865297558872626,2.350472361762968,Ma Cave Fleury,48.86550541020573,2.350544335615611,4bf58dd8d48988d123941735,Wine Bar
372,Twinkie Breakfasts,4b8a5057f964a520146832e3,48.865297558872626,2.350472361762968,La Maison du Saké,48.86452103864269,2.3492260814537356,4bf58dd8d48988d111941735,Japanese Restaurant
373,Twinkie Breakfasts,4b8a5057f964a520146832e3,48.865297558872626,2.350472361762968,Passage du Grand Cerf,48.86476,2.349486,52e81612bcbc57f1066b7a25,Pedestrian Plaza
374,Twinkie Breakfasts,4b8a5057f964a520146832e3,48.865297558872626,2.350472361762968,Experimental Cocktail Club,48.86615088435938,2.3483697974431506,4bf58dd8d48988d11e941735,Cocktail Bar
375,Twinkie Breakfasts,4b8a5057f964a520146832e3,48.865297558872626,2.350472361762968,Bo&Mie,48.86404955512182,2.3504438996315002,4bf58dd8d48988d16a941735,Bakery
376,Twinkie Breakfasts,4b8a5057f964a520146832e3,48.865297558872626,2.350472361762968,Klay,48.86603925843629,2.349655788942288,4bf58dd8d48988d175941735,Gym / Fitness Center
377,Twinkie Breakfasts,4b8a5057f964a520146832e3,48.865297558872626,2.350472361762968,Rice & Fish,48.865149788345164,2.351435201806962,4bf58dd8d48988d1d2941735,Sushi Restaurant
378,Twinkie Breakfasts,4b8a5057f964a520146832e3,48.865297558872626,2.350472361762968,Kodama,48.86474758453834,2.3482265328746466,4bf58dd8d48988d1dc931735,Tea Room
379,Twinkie Breakfasts,4b8a5057f964a520146832e3,48.865297558872626,2.350472361762968,Hôtel Les Bains,48.863830207014814,2.351970076560974,4bf58dd8d48988d1fa931735,Hotel
380,Twinkie Breakfasts,4b8a5057f964a520146832e3,48.865297558872626,2.350472361762968,Pupetta,48.8647188948535,2.3502708480036723,4bf58dd8d48988d110941735,Italian Restaurant
381,Twinkie Breakfasts,4b8a5057f964a520146832e3,48.865297558872626,2.350472361762968,Jefrey's,48.866068755727596,2.348700426992588,4bf58dd8d48988d11e941735,Cocktail Bar
382,Twinkie Breakfasts,4b8a5057f964a520146832e3,48.865297558872626,2.350472361762968,Le Pas Sage,48.86464594772859,2.3500657081604004,4bf58dd8d48988d10c941735,French Restaurant
383,Twinkie Breakfasts,4b8a5057f964a520146832e3,48.865297558872626,2.350472361762968,Itacoa,48.866077,2.3508124,4bf58dd8d48988d1c4941735,Restaurant
384,Twinkie Breakfasts,4b8a5057f964a520146832e3,48.865297558872626,2.350472361762968,Golden Promise,48.864458,2.349603,4bf58dd8d48988d1d4941735,Speakeasy
385,Twinkie Breakfasts,4b8a5057f964a520146832e3,48.865297558872626,2.350472361762968,Boulettes,48.865577227851325,2.3505683279372094,4bf58dd8d48988d155941735,Gastropub
386,Twinkie Breakfasts,4b8a5057f964a520146832e3,48.865297558872626,2.350472361762968,L'Art Source,48.864981446022895,2.348276392020512,4bf58dd8d48988d123941735,Wine Bar
387,Twinkie Breakfasts,4b8a5057f964a520146832e3,48.865297558872626,2.350472361762968,Tir-Bouchon,48.864648440871015,2.348728254561659,4bf58dd8d48988d10c941735,French Restaurant
388,Twinkie Breakfasts,4b8a5057f964a520146832e3,48.865297558872626,2.350472361762968,Royalcheese,48.864705939490854,2.3487648367881775,4bf58dd8d48988d103951735,Clothing Store
389,Twinkie Breakfasts,4b8a5057f964a520146832e3,48.865297558872626,2.350472361762968,Street Bangkok Roast & Beer,48.86393431201803,2.350193113088608,4bf58dd8d48988d149941735,Thai Restaurant
390,Twinkie Breakfasts,4b8a5057f964a520146832e3,48.865297558872626,2.350472361762968,Madame Pervenche,48.865293,2.352565,4bf58dd8d48988d11e941735,Cocktail Bar
391,Twinkie Breakfasts,4b8a5057f964a520146832e3,48.865297558872626,2.350472361762968,Club Les Bains,48.86384016815096,2.351867302206802,4bf58dd8d48988d11f941735,Nightclub
392,Twinkie Breakfasts,4b8a5057f964a520146832e3,48.865297558872626,2.350472361762968,Petit Bao,48.86438127733056,2.3502735793590546,4bf58dd8d48988d145941735,Chinese Restaurant
393,Twinkie Breakfasts,4b8a5057f964a520146832e3,48.865297558872626,2.350472361762968,Le Dénicheur,48.864382460703524,2.34980239959307,4bf58dd8d48988d16d941735,Café
394,Twinkie Breakfasts,4b8a5057f964a520146832e3,48.865297558872626,2.350472361762968,Passage du Bourg-l'Abbé,48.86455948888583,2.3506397008895874,52e81612bcbc57f1066b7a25,Pedestrian Plaza
395,Twinkie Breakfasts,4b8a5057f964a520146832e3,48.865297558872626,2.350472361762968,Neoness Paris Châtelet Montorgueil,48.865143,2.349847,4bf58dd8d48988d176941735,Gym
396,Twinkie Breakfasts,4b8a5057f964a520146832e3,48.865297558872626,2.350472361762968,Sun City,48.86386080275677,2.3513754353340057,4bf58dd8d48988d1ed941735,Spa
397,Paperboy,531499ec11d2a01b87e9e3a3,48.864665,2.366582,Banoï,48.864156,2.366739,4bf58dd8d48988d14a941735,Vietnamese Restaurant
398,Paperboy,531499ec11d2a01b87e9e3a3,48.864665,2.366582,Utopie,48.865335,2.368733,4bf58dd8d48988d16a941735,Bakery
399,Paperboy,531499ec11d2a01b87e9e3a3,48.864665,2.366582,Bar Martin,48.8647499849933,2.3657793692597013,4bf58dd8d48988d123941735,Wine Bar
400,Paperboy,531499ec11d2a01b87e9e3a3,48.864665,2.366582,Tribal Act,48.86601409585934,2.366309318726453,4bf58dd8d48988d1de931735,Tattoo Parlor
401,Paperboy,531499ec11d2a01b87e9e3a3,48.864665,2.366582,Chocolaterie Jacques Genin,48.86451657439143,2.364591044083981,52f2ab2ebcbc57f1066b8b31,Chocolate Shop
402,Paperboy,531499ec11d2a01b87e9e3a3,48.864665,2.366582,Dreamin' Man,48.86528997318334,2.3664861917495728,4bf58dd8d48988d1e0931735,Coffee Shop
403,Paperboy,531499ec11d2a01b87e9e3a3,48.864665,2.366582,Slow Galerie,48.864860454492145,2.366553758629543,4bf58dd8d48988d1e2931735,Art Gallery
404,Paperboy,531499ec11d2a01b87e9e3a3,48.864665,2.366582,Paperboy,48.864665,2.366582,4bf58dd8d48988d143941735,Breakfast Spot
405,Paperboy,531499ec11d2a01b87e9e3a3,48.864665,2.366582,Le Rigmarole,48.865127,2.36912,4bf58dd8d48988d1c4941735,Restaurant
406,Paperboy,531499ec11d2a01b87e9e3a3,48.864665,2.366582,Le General Hotel,48.866219248412214,2.3669549963358505,4bf58dd8d48988d1fa931735,Hotel
407,Paperboy,531499ec11d2a01b87e9e3a3,48.864665,2.366582,59 RDS,48.86415700942746,2.365187332034111,4bf58dd8d48988d16a941735,Bakery
408,Paperboy,531499ec11d2a01b87e9e3a3,48.864665,2.366582,D Noodles,48.86502629559986,2.367027768087102,4bf58dd8d48988d1d1941735,Noodle House
409,Paperboy,531499ec11d2a01b87e9e3a3,48.864665,2.366582,Clown Bar,48.863556170824175,2.3669554630695986,52e81612bcbc57f1066b79f1,Bistro
410,Paperboy,531499ec11d2a01b87e9e3a3,48.864665,2.366582,Comics Records,48.864990529377934,2.365061212335779,52f2ab2ebcbc57f1066b8b18,Comic Shop
411,Paperboy,531499ec11d2a01b87e9e3a3,48.864665,2.366582,Chez Imogène,48.865442750769944,2.368725152152961,52e81612bcbc57f1066b79f2,Creperie
412,Paperboy,531499ec11d2a01b87e9e3a3,48.864665,2.366582,Biondi,48.863754349227264,2.3669383987286374,4bf58dd8d48988d1be941735,Latin American Restaurant
413,Paperboy,531499ec11d2a01b87e9e3a3,48.864665,2.366582,Cirque d'Hiver Bouglione,48.863250544090064,2.3669592414442193,52e81612bcbc57f1066b79e7,Circus
414,Paperboy,531499ec11d2a01b87e9e3a3,48.864665,2.366582,Café de la Poste,48.86388351398672,2.36484132707119,57558b36e4b065ecebd306b0,Brasserie
415,Paperboy,531499ec11d2a01b87e9e3a3,48.864665,2.366582,La Pharmacie,48.865439267451144,2.3688584989127954,4bf58dd8d48988d119951735,Wine Shop
416,Paperboy,531499ec11d2a01b87e9e3a3,48.864665,2.366582,The YogaFactory,48.863301274925554,2.36601707604113,4bf58dd8d48988d102941735,Yoga Studio
417,Paperboy,531499ec11d2a01b87e9e3a3,48.864665,2.366582,Goku Asian Canteen,48.865063935878624,2.3654980218917467,4bf58dd8d48988d142941735,Asian Restaurant
418,Paperboy,531499ec11d2a01b87e9e3a3,48.864665,2.366582,Hotel Mareuil,48.86601,2.367491,4bf58dd8d48988d1fa931735,Hotel
419,Paperboy,531499ec11d2a01b87e9e3a3,48.864665,2.366582,Wild & The Moon,48.864736,2.366471,4bf58dd8d48988d1d3941735,Vegetarian / Vegan Restaurant
420,Paperboy,531499ec11d2a01b87e9e3a3,48.864665,2.366582,Les Berthom,48.86449621658976,2.3691253493024744,56aa371ce4b08b9a8d57356c,Beer Bar
421,Paperboy,531499ec11d2a01b87e9e3a3,48.864665,2.366582,Bisou.,48.864167278249376,2.3660975345799145,4bf58dd8d48988d11e941735,Cocktail Bar
422,Paperboy,531499ec11d2a01b87e9e3a3,48.864665,2.366582,La Mezcaleria,48.86393486342108,2.365802228450775,4bf58dd8d48988d1d4941735,Speakeasy
423,Paperboy,531499ec11d2a01b87e9e3a3,48.864665,2.366582,Tout Autour du Pain,48.86467947254579,2.364879548549652,4bf58dd8d48988d16a941735,Bakery
424,Paperboy,531499ec11d2a01b87e9e3a3,48.864665,2.366582,Bidoche,48.86508088637581,2.3670682311058044,4bf58dd8d48988d11d951735,Butcher
425,Paperboy,531499ec11d2a01b87e9e3a3,48.864665,2.366582,Maxxi Games,48.866225462244685,2.3660764671668315,4bf58dd8d48988d10b951735,Video Game Store
426,Paperboy,531499ec11d2a01b87e9e3a3,48.864665,2.366582,Le Voltaire,48.86517051480705,2.3673324286937714,4bf58dd8d48988d116941735,Bar
