,lon,lat
0,2.2494640000000055,48.8472164702487
1,2.2494640000000055,48.848989899663245
2,2.2494640000000055,48.85076326626965
3,2.2494640000000055,48.85253657006846
4,2.2494640000000055,48.854309811060205
5,2.2494640000000055,48.85608298924539
6,2.2494640000000055,48.85785610462457
7,2.2494640000000055,48.85962915719824
8,2.2494640000000055,48.86140214696696
9,2.2494640000000055,48.86317507393124
10,2.2494640000000055,48.864947938091596
11,2.2494640000000055,48.866720739448574
12,2.2494640000000055,48.86849347800269
13,2.2494640000000055,48.87026615375448
14,2.2494640000000055,48.87203876670446
15,2.2494640000000055,48.87381131685318
16,2.2521589458523636,48.83834838103579
17,2.2521589458523636,48.840122124498826
18,2.2521589458523636,48.84189580515111
19,2.2521589458523636,48.843669422993166
20,2.2521589458523636,48.8472164702487
21,2.2521589458523636,48.848989899663245
22,2.2521589458523636,48.85076326626965
23,2.2521589458523636,48.85253657006846
24,2.2521589458523636,48.854309811060205
25,2.2521589458523636,48.85608298924539
26,2.2521589458523636,48.85785610462457
27,2.2521589458523636,48.85962915719824
28,2.2521589458523636,48.86140214696696
29,2.2521589458523636,48.86317507393124
30,2.2521589458523636,48.864947938091596
31,2.2521589458523636,48.866720739448574
32,2.2521589458523636,48.86849347800269
33,2.2521589458523636,48.87026615375448
34,2.2521589458523636,48.87203876670446
35,2.2521589458523636,48.87381131685318
36,2.2548538917047223,48.83657457476149
37,2.2548538917047223,48.83834838103579
38,2.2548538917047223,48.840122124498826
39,2.2548538917047223,48.84189580515111
40,2.2548538917047223,48.843669422993166
41,2.2548538917047223,48.845442978025524
42,2.2548538917047223,48.8472164702487
43,2.2548538917047223,48.848989899663245
44,2.2548538917047223,48.85076326626965
45,2.2548538917047223,48.85253657006846
46,2.2548538917047223,48.854309811060205
47,2.2548538917047223,48.85608298924539
48,2.2548538917047223,48.85785610462457
49,2.2548538917047223,48.85962915719824
50,2.2548538917047223,48.86140214696696
51,2.2548538917047223,48.86317507393124
52,2.2548538917047223,48.864947938091596
53,2.2548538917047223,48.866720739448574
54,2.2548538917047223,48.86849347800269
55,2.2548538917047223,48.87026615375448
56,2.2548538917047223,48.87203876670446
57,2.2548538917047223,48.87381131685318
58,2.257548837557081,48.834800705675384
59,2.257548837557081,48.83657457476149
60,2.257548837557081,48.83834838103579
61,2.257548837557081,48.840122124498826
62,2.257548837557081,48.84189580515111
63,2.257548837557081,48.843669422993166
64,2.257548837557081,48.845442978025524
65,2.257548837557081,48.8472164702487
66,2.257548837557081,48.848989899663245
67,2.257548837557081,48.85076326626965
68,2.257548837557081,48.85253657006846
69,2.257548837557081,48.854309811060205
70,2.257548837557081,48.85608298924539
71,2.257548837557081,48.85785610462457
72,2.257548837557081,48.85962915719824
73,2.257548837557081,48.86140214696696
74,2.257548837557081,48.86317507393124
75,2.257548837557081,48.864947938091596
76,2.257548837557081,48.866720739448574
77,2.257548837557081,48.86849347800269
78,2.257548837557081,48.87026615375448
79,2.257548837557081,48.87203876670446
80,2.257548837557081,48.87381131685318
81,2.257548837557081,48.875583804201156
82,2.257548837557081,48.87735622874891
83,2.2602437834094395,48.834800705675384
84,2.2602437834094395,48.83657457476149
85,2.2602437834094395,48.83834838103579
86,2.2602437834094395,48.840122124498826
87,2.2602437834094395,48.84189580515111
88,2.2602437834094395,48.843669422993166
89,2.2602437834094395,48.845442978025524
90,2.2602437834094395,48.8472164702487
91,2.2602437834094395,48.848989899663245
92,2.2602437834094395,48.85076326626965
93,2.2602437834094395,48.85253657006846
94,2.2602437834094395,48.854309811060205
95,2.2602437834094395,48.85608298924539
96,2.2602437834094395,48.85785610462457
97,2.2602437834094395,48.85962915719824
98,2.2602437834094395,48.86140214696696
99,2.2602437834094395,48.86317507393124
100,2.2602437834094395,48.864947938091596
101,2.2602437834094395,48.866720739448574
102,2.2602437834094395,48.86849347800269
103,2.2602437834094395,48.87026615375448
104,2.2602437834094395,48.87203876670446
105,2.2602437834094395,48.87381131685318
106,2.2602437834094395,48.875583804201156
107,2.2602437834094395,48.87735622874891
108,2.2602437834094395,48.879128590496975
109,2.262938729261798,48.834800705675384
110,2.262938729261798,48.83657457476149
111,2.262938729261798,48.83834838103579
112,2.262938729261798,48.840122124498826
113,2.262938729261798,48.84189580515111
114,2.262938729261798,48.843669422993166
115,2.262938729261798,48.845442978025524
116,2.262938729261798,48.8472164702487
117,2.262938729261798,48.848989899663245
118,2.262938729261798,48.85076326626965
119,2.262938729261798,48.85253657006846
120,2.262938729261798,48.854309811060205
121,2.262938729261798,48.85608298924539
122,2.262938729261798,48.85785610462457
123,2.262938729261798,48.85962915719824
124,2.262938729261798,48.86140214696696
125,2.262938729261798,48.86317507393124
126,2.262938729261798,48.864947938091596
127,2.262938729261798,48.866720739448574
128,2.262938729261798,48.86849347800269
129,2.262938729261798,48.87026615375448
130,2.262938729261798,48.87203876670446
131,2.262938729261798,48.87381131685318
132,2.262938729261798,48.875583804201156
133,2.262938729261798,48.87735622874891
134,2.262938729261798,48.879128590496975
135,2.265633675114157,48.834800705675384
136,2.265633675114157,48.83657457476149
137,2.265633675114157,48.83834838103579
138,2.265633675114157,48.840122124498826
139,2.265633675114157,48.84189580515111
140,2.265633675114157,48.843669422993166
141,2.265633675114157,48.845442978025524
142,2.265633675114157,48.8472164702487
143,2.265633675114157,48.848989899663245
144,2.265633675114157,48.85076326626965
145,2.265633675114157,48.85253657006846
146,2.265633675114157,48.854309811060205
147,2.265633675114157,48.85608298924539
148,2.265633675114157,48.85785610462457
149,2.265633675114157,48.85962915719824
150,2.265633675114157,48.86140214696696
151,2.265633675114157,48.86317507393124
152,2.265633675114157,48.864947938091596
153,2.265633675114157,48.866720739448574
154,2.265633675114157,48.86849347800269
155,2.265633675114157,48.87026615375448
156,2.265633675114157,48.87203876670446
157,2.265633675114157,48.87381131685318
158,2.265633675114157,48.875583804201156
159,2.265633675114157,48.87735622874891
160,2.265633675114157,48.879128590496975
161,2.2683286209665154,48.829478721541065
162,2.2683286209665154,48.83125277906571
163,2.2683286209665154,48.834800705675384
164,2.2683286209665154,48.83657457476149
165,2.2683286209665154,48.83834838103579
166,2.2683286209665154,48.840122124498826
167,2.2683286209665154,48.84189580515111
168,2.2683286209665154,48.843669422993166
169,2.2683286209665154,48.845442978025524
170,2.2683286209665154,48.8472164702487
171,2.2683286209665154,48.848989899663245
172,2.2683286209665154,48.85076326626965
173,2.2683286209665154,48.85253657006846
174,2.2683286209665154,48.854309811060205
175,2.2683286209665154,48.85608298924539
176,2.2683286209665154,48.85785610462457
177,2.2683286209665154,48.85962915719824
178,2.2683286209665154,48.86140214696696
179,2.2683286209665154,48.86317507393124
180,2.2683286209665154,48.864947938091596
181,2.2683286209665154,48.866720739448574
182,2.2683286209665154,48.86849347800269
183,2.2683286209665154,48.87026615375448
184,2.2683286209665154,48.87203876670446
185,2.2683286209665154,48.87381131685318
186,2.2683286209665154,48.875583804201156
187,2.2683286209665154,48.87735622874891
188,2.271023566818874,48.829478721541065
189,2.271023566818874,48.83125277906571
190,2.271023566818874,48.833026773776965
191,2.271023566818874,48.834800705675384
192,2.271023566818874,48.83657457476149
193,2.271023566818874,48.83834838103579
194,2.271023566818874,48.840122124498826
195,2.271023566818874,48.84189580515111
196,2.271023566818874,48.843669422993166
197,2.271023566818874,48.845442978025524
198,2.271023566818874,48.8472164702487
199,2.271023566818874,48.848989899663245
200,2.271023566818874,48.85076326626965
201,2.271023566818874,48.85253657006846
202,2.271023566818874,48.854309811060205
203,2.271023566818874,48.85608298924539
204,2.271023566818874,48.85785610462457
205,2.271023566818874,48.85962915719824
206,2.271023566818874,48.86140214696696
207,2.271023566818874,48.86317507393124
208,2.271023566818874,48.864947938091596
209,2.271023566818874,48.866720739448574
210,2.271023566818874,48.86849347800269
211,2.271023566818874,48.87026615375448
212,2.271023566818874,48.87203876670446
213,2.271023566818874,48.87381131685318
214,2.271023566818874,48.875583804201156
215,2.271023566818874,48.87735622874891
216,2.2737185126712323,48.829478721541065
217,2.2737185126712323,48.83125277906571
218,2.2737185126712323,48.833026773776965
219,2.2737185126712323,48.834800705675384
220,2.2737185126712323,48.83657457476149
221,2.2737185126712323,48.83834838103579
222,2.2737185126712323,48.840122124498826
223,2.2737185126712323,48.84189580515111
224,2.2737185126712323,48.843669422993166
225,2.2737185126712323,48.845442978025524
226,2.2737185126712323,48.8472164702487
227,2.2737185126712323,48.848989899663245
228,2.2737185126712323,48.85076326626965
229,2.2737185126712323,48.85253657006846
230,2.2737185126712323,48.854309811060205
231,2.2737185126712323,48.85608298924539
232,2.2737185126712323,48.85785610462457
233,2.2737185126712323,48.85962915719824
234,2.2737185126712323,48.86140214696696
235,2.2737185126712323,48.86317507393124
236,2.2737185126712323,48.864947938091596
237,2.2737185126712323,48.866720739448574
238,2.2737185126712323,48.86849347800269
239,2.2737185126712323,48.87026615375448
240,2.2737185126712323,48.87203876670446
241,2.2737185126712323,48.87381131685318
242,2.2737185126712323,48.875583804201156
243,2.2737185126712323,48.87735622874891
244,2.276413458523591,48.83125277906571
245,2.276413458523591,48.833026773776965
246,2.276413458523591,48.834800705675384
247,2.276413458523591,48.83657457476149
248,2.276413458523591,48.83834838103579
249,2.276413458523591,48.840122124498826
250,2.276413458523591,48.84189580515111
251,2.276413458523591,48.843669422993166
252,2.276413458523591,48.845442978025524
253,2.276413458523591,48.8472164702487
254,2.276413458523591,48.848989899663245
255,2.276413458523591,48.85076326626965
256,2.276413458523591,48.85253657006846
257,2.276413458523591,48.854309811060205
258,2.276413458523591,48.85608298924539
259,2.276413458523591,48.85785610462457
260,2.276413458523591,48.85962915719824
261,2.276413458523591,48.86140214696696
262,2.276413458523591,48.86317507393124
263,2.276413458523591,48.864947938091596
264,2.276413458523591,48.866720739448574
265,2.276413458523591,48.86849347800269
266,2.276413458523591,48.87026615375448
267,2.276413458523591,48.87203876670446
268,2.276413458523591,48.87381131685318
269,2.276413458523591,48.875583804201156
270,2.276413458523591,48.87735622874891
271,2.2791084043759495,48.833026773776965
272,2.2791084043759495,48.834800705675384
273,2.2791084043759495,48.83657457476149
274,2.2791084043759495,48.83834838103579
275,2.2791084043759495,48.840122124498826
276,2.2791084043759495,48.84189580515111
277,2.2791084043759495,48.843669422993166
278,2.2791084043759495,48.845442978025524
279,2.2791084043759495,48.8472164702487
280,2.2791084043759495,48.848989899663245
281,2.2791084043759495,48.85076326626965
282,2.2791084043759495,48.85253657006846
283,2.2791084043759495,48.854309811060205
284,2.2791084043759495,48.85608298924539
285,2.2791084043759495,48.85785610462457
286,2.2791084043759495,48.85962915719824
287,2.2791084043759495,48.86140214696696
288,2.2791084043759495,48.86317507393124
289,2.2791084043759495,48.864947938091596
290,2.2791084043759495,48.866720739448574
291,2.2791084043759495,48.86849347800269
292,2.2791084043759495,48.87026615375448
293,2.2791084043759495,48.87203876670446
294,2.2791084043759495,48.87381131685318
295,2.2791084043759495,48.875583804201156
296,2.2791084043759495,48.87735622874891
297,2.281803350228308,48.833026773776965
298,2.281803350228308,48.834800705675384
299,2.281803350228308,48.83657457476149
300,2.281803350228308,48.83834838103579
301,2.281803350228308,48.840122124498826
302,2.281803350228308,48.84189580515111
303,2.281803350228308,48.843669422993166
304,2.281803350228308,48.845442978025524
305,2.281803350228308,48.8472164702487
306,2.281803350228308,48.848989899663245
307,2.281803350228308,48.85076326626965
308,2.281803350228308,48.85253657006846
309,2.281803350228308,48.854309811060205
310,2.281803350228308,48.85608298924539
311,2.281803350228308,48.85785610462457
312,2.281803350228308,48.85962915719824
313,2.281803350228308,48.86140214696696
314,2.281803350228308,48.86317507393124
315,2.281803350228308,48.864947938091596
316,2.281803350228308,48.866720739448574
317,2.281803350228308,48.86849347800269
318,2.281803350228308,48.87026615375448
319,2.281803350228308,48.87203876670446
320,2.281803350228308,48.87381131685318
321,2.281803350228308,48.875583804201156
322,2.281803350228308,48.87735622874891
323,2.281803350228308,48.879128590496975
324,2.281803350228308,48.880900889445876
325,2.281803350228308,48.88267312559616
326,2.284498296080667,48.83125277906571
327,2.284498296080667,48.833026773776965
328,2.284498296080667,48.834800705675384
329,2.284498296080667,48.83657457476149
330,2.284498296080667,48.83834838103579
331,2.284498296080667,48.840122124498826
332,2.284498296080667,48.84189580515111
333,2.284498296080667,48.843669422993166
334,2.284498296080667,48.845442978025524
335,2.284498296080667,48.8472164702487
336,2.284498296080667,48.848989899663245
337,2.284498296080667,48.85076326626965
338,2.284498296080667,48.85253657006846
339,2.284498296080667,48.854309811060205
340,2.284498296080667,48.85608298924539
341,2.284498296080667,48.85785610462457
342,2.284498296080667,48.85962915719824
343,2.284498296080667,48.86140214696696
344,2.284498296080667,48.86317507393124
345,2.284498296080667,48.864947938091596
346,2.284498296080667,48.866720739448574
347,2.284498296080667,48.86849347800269
348,2.284498296080667,48.87026615375448
349,2.284498296080667,48.87203876670446
350,2.284498296080667,48.87381131685318
351,2.284498296080667,48.875583804201156
352,2.284498296080667,48.87735622874891
353,2.284498296080667,48.879128590496975
354,2.284498296080667,48.880900889445876
355,2.284498296080667,48.88267312559616
356,2.284498296080667,48.88444529894835
357,2.287193241933025,48.829478721541065
358,2.287193241933025,48.83125277906571
359,2.287193241933025,48.833026773776965
360,2.287193241933025,48.834800705675384
361,2.287193241933025,48.83657457476149
362,2.287193241933025,48.83834838103579
363,2.287193241933025,48.840122124498826
364,2.287193241933025,48.84189580515111
365,2.287193241933025,48.843669422993166
366,2.287193241933025,48.845442978025524
367,2.287193241933025,48.8472164702487
368,2.287193241933025,48.848989899663245
369,2.287193241933025,48.85076326626965
370,2.287193241933025,48.85253657006846
371,2.287193241933025,48.854309811060205
372,2.287193241933025,48.85608298924539
373,2.287193241933025,48.85785610462457
374,2.287193241933025,48.85962915719824
375,2.287193241933025,48.86140214696696
376,2.287193241933025,48.86317507393124
377,2.287193241933025,48.864947938091596
378,2.287193241933025,48.866720739448574
379,2.287193241933025,48.86849347800269
380,2.287193241933025,48.87026615375448
381,2.287193241933025,48.87203876670446
382,2.287193241933025,48.87381131685318
383,2.287193241933025,48.875583804201156
384,2.287193241933025,48.87735622874891
385,2.287193241933025,48.879128590496975
386,2.287193241933025,48.880900889445876
387,2.287193241933025,48.88267312559616
388,2.287193241933025,48.88444529894835
389,2.287193241933025,48.88621740950296
390,2.2898881877853836,48.829478721541065
391,2.2898881877853836,48.83125277906571
392,2.2898881877853836,48.833026773776965
393,2.2898881877853836,48.834800705675384
394,2.2898881877853836,48.83657457476149
395,2.2898881877853836,48.83834838103579
396,2.2898881877853836,48.840122124498826
397,2.2898881877853836,48.84189580515111
398,2.2898881877853836,48.843669422993166
399,2.2898881877853836,48.845442978025524
400,2.2898881877853836,48.8472164702487
401,2.2898881877853836,48.848989899663245
402,2.2898881877853836,48.85076326626965
403,2.2898881877853836,48.85253657006846
404,2.2898881877853836,48.854309811060205
405,2.2898881877853836,48.85608298924539
406,2.2898881877853836,48.85785610462457
407,2.2898881877853836,48.85962915719824
408,2.2898881877853836,48.86140214696696
409,2.2898881877853836,48.86317507393124
410,2.2898881877853836,48.864947938091596
411,2.2898881877853836,48.866720739448574
412,2.2898881877853836,48.86849347800269
413,2.2898881877853836,48.87026615375448
414,2.2898881877853836,48.87203876670446
415,2.2898881877853836,48.87381131685318
416,2.2898881877853836,48.875583804201156
417,2.2898881877853836,48.87735622874891
418,2.2898881877853836,48.879128590496975
419,2.2898881877853836,48.880900889445876
420,2.2898881877853836,48.88267312559616
421,2.2898881877853836,48.88444529894835
422,2.2898881877853836,48.88621740950296
423,2.2898881877853836,48.88798945726054
424,2.2925831336377422,48.82770460120254
425,2.2925831336377422,48.829478721541065
426,2.2925831336377422,48.83125277906571
427,2.2925831336377422,48.833026773776965
428,2.2925831336377422,48.834800705675384
429,2.2925831336377422,48.83657457476149
430,2.2925831336377422,48.83834838103579
431,2.2925831336377422,48.840122124498826
432,2.2925831336377422,48.84189580515111
433,2.2925831336377422,48.843669422993166
434,2.2925831336377422,48.845442978025524
435,2.2925831336377422,48.8472164702487
436,2.2925831336377422,48.848989899663245
437,2.2925831336377422,48.85076326626965
438,2.2925831336377422,48.85253657006846
439,2.2925831336377422,48.854309811060205
440,2.2925831336377422,48.85608298924539
441,2.2925831336377422,48.85785610462457
442,2.2925831336377422,48.85962915719824
443,2.2925831336377422,48.86140214696696
444,2.2925831336377422,48.86317507393124
445,2.2925831336377422,48.864947938091596
446,2.2925831336377422,48.866720739448574
447,2.2925831336377422,48.86849347800269
448,2.2925831336377422,48.87026615375448
449,2.2925831336377422,48.87203876670446
450,2.2925831336377422,48.87381131685318
451,2.2925831336377422,48.875583804201156
452,2.2925831336377422,48.87735622874891
453,2.2925831336377422,48.879128590496975
454,2.2925831336377422,48.880900889445876
455,2.2925831336377422,48.88267312559616
456,2.2925831336377422,48.88444529894835
457,2.2925831336377422,48.88621740950296
458,2.2925831336377422,48.88798945726054
459,2.2952780794901004,48.82770460120254
460,2.2952780794901004,48.829478721541065
461,2.2952780794901004,48.83125277906571
462,2.2952780794901004,48.833026773776965
463,2.2952780794901004,48.834800705675384
464,2.2952780794901004,48.83657457476149
465,2.2952780794901004,48.83834838103579
466,2.2952780794901004,48.840122124498826
467,2.2952780794901004,48.84189580515111
468,2.2952780794901004,48.843669422993166
469,2.2952780794901004,48.845442978025524
470,2.2952780794901004,48.8472164702487
471,2.2952780794901004,48.848989899663245
472,2.2952780794901004,48.85076326626965
473,2.2952780794901004,48.85253657006846
474,2.2952780794901004,48.854309811060205
475,2.2952780794901004,48.85608298924539
476,2.2952780794901004,48.85785610462457
477,2.2952780794901004,48.85962915719824
478,2.2952780794901004,48.86140214696696
479,2.2952780794901004,48.86317507393124
480,2.2952780794901004,48.864947938091596
481,2.2952780794901004,48.866720739448574
482,2.2952780794901004,48.86849347800269
483,2.2952780794901004,48.87026615375448
484,2.2952780794901004,48.87203876670446
485,2.2952780794901004,48.87381131685318
486,2.2952780794901004,48.875583804201156
487,2.2952780794901004,48.87735622874891
488,2.2952780794901004,48.879128590496975
489,2.2952780794901004,48.880900889445876
490,2.2952780794901004,48.88267312559616
491,2.2952780794901004,48.88444529894835
492,2.2952780794901004,48.88621740950296
493,2.2952780794901004,48.88798945726054
494,2.2952780794901004,48.889761442221605
495,2.297973025342459,48.8259304180496
496,2.297973025342459,48.82770460120254
497,2.297973025342459,48.829478721541065
498,2.297973025342459,48.83125277906571
499,2.297973025342459,48.833026773776965
500,2.297973025342459,48.834800705675384
501,2.297973025342459,48.83657457476149
502,2.297973025342459,48.83834838103579
503,2.297973025342459,48.840122124498826
504,2.297973025342459,48.84189580515111
505,2.297973025342459,48.843669422993166
506,2.297973025342459,48.845442978025524
507,2.297973025342459,48.8472164702487
508,2.297973025342459,48.848989899663245
509,2.297973025342459,48.85076326626965
510,2.297973025342459,48.85253657006846
511,2.297973025342459,48.854309811060205
512,2.297973025342459,48.85608298924539
513,2.297973025342459,48.85785610462457
514,2.297973025342459,48.85962915719824
515,2.297973025342459,48.86140214696696
516,2.297973025342459,48.86317507393124
517,2.297973025342459,48.864947938091596
518,2.297973025342459,48.866720739448574
519,2.297973025342459,48.86849347800269
520,2.297973025342459,48.87026615375448
521,2.297973025342459,48.87203876670446
522,2.297973025342459,48.87381131685318
523,2.297973025342459,48.875583804201156
524,2.297973025342459,48.87735622874891
525,2.297973025342459,48.879128590496975
526,2.297973025342459,48.880900889445876
527,2.297973025342459,48.88267312559616
528,2.297973025342459,48.88444529894835
529,2.297973025342459,48.88621740950296
530,2.297973025342459,48.88798945726054
531,2.297973025342459,48.889761442221605
532,2.3006679711948177,48.8259304180496
533,2.3006679711948177,48.82770460120254
534,2.3006679711948177,48.829478721541065
535,2.3006679711948177,48.83125277906571
536,2.3006679711948177,48.833026773776965
537,2.3006679711948177,48.834800705675384
538,2.3006679711948177,48.83657457476149
539,2.3006679711948177,48.83834838103579
540,2.3006679711948177,48.840122124498826
541,2.3006679711948177,48.84189580515111
542,2.3006679711948177,48.843669422993166
543,2.3006679711948177,48.845442978025524
544,2.3006679711948177,48.8472164702487
545,2.3006679711948177,48.848989899663245
546,2.3006679711948177,48.85076326626965
547,2.3006679711948177,48.85253657006846
548,2.3006679711948177,48.854309811060205
549,2.3006679711948177,48.85608298924539
550,2.3006679711948177,48.85785610462457
551,2.3006679711948177,48.85962915719824
552,2.3006679711948177,48.86140214696696
553,2.3006679711948177,48.86317507393124
554,2.3006679711948177,48.864947938091596
555,2.3006679711948177,48.866720739448574
556,2.3006679711948177,48.86849347800269
557,2.3006679711948177,48.87026615375448
558,2.3006679711948177,48.87203876670446
559,2.3006679711948177,48.87381131685318
560,2.3006679711948177,48.875583804201156
561,2.3006679711948177,48.87735622874891
562,2.3006679711948177,48.879128590496975
563,2.3006679711948177,48.880900889445876
564,2.3006679711948177,48.88267312559616
565,2.3006679711948177,48.88444529894835
566,2.3006679711948177,48.88621740950296
567,2.3006679711948177,48.88798945726054
568,2.3006679711948177,48.889761442221605
569,2.3006679711948177,48.891533364386696
570,2.3033629170471763,48.8259304180496
571,2.3033629170471763,48.82770460120254
572,2.3033629170471763,48.829478721541065
573,2.3033629170471763,48.83125277906571
574,2.3033629170471763,48.833026773776965
575,2.3033629170471763,48.834800705675384
576,2.3033629170471763,48.83657457476149
577,2.3033629170471763,48.83834838103579
578,2.3033629170471763,48.840122124498826
579,2.3033629170471763,48.84189580515111
580,2.3033629170471763,48.843669422993166
581,2.3033629170471763,48.845442978025524
582,2.3033629170471763,48.8472164702487
583,2.3033629170471763,48.848989899663245
584,2.3033629170471763,48.85076326626965
585,2.3033629170471763,48.85253657006846
586,2.3033629170471763,48.854309811060205
587,2.3033629170471763,48.85608298924539
588,2.3033629170471763,48.85785610462457
589,2.3033629170471763,48.85962915719824
590,2.3033629170471763,48.86140214696696
591,2.3033629170471763,48.86317507393124
592,2.3033629170471763,48.864947938091596
593,2.3033629170471763,48.866720739448574
594,2.3033629170471763,48.86849347800269
595,2.3033629170471763,48.87026615375448
596,2.3033629170471763,48.87203876670446
597,2.3033629170471763,48.87381131685318
598,2.3033629170471763,48.875583804201156
599,2.3033629170471763,48.87735622874891
600,2.3033629170471763,48.879128590496975
601,2.3033629170471763,48.880900889445876
602,2.3033629170471763,48.88267312559616
603,2.3033629170471763,48.88444529894835
604,2.3033629170471763,48.88621740950296
605,2.3033629170471763,48.88798945726054
606,2.3033629170471763,48.889761442221605
607,2.3033629170471763,48.891533364386696
608,2.3033629170471763,48.893305223756336
609,2.306057862899535,48.82415617208172
610,2.306057862899535,48.8259304180496
611,2.306057862899535,48.82770460120254
612,2.306057862899535,48.829478721541065
613,2.306057862899535,48.83125277906571
614,2.306057862899535,48.833026773776965
615,2.306057862899535,48.834800705675384
616,2.306057862899535,48.83657457476149
617,2.306057862899535,48.83834838103579
618,2.306057862899535,48.840122124498826
619,2.306057862899535,48.84189580515111
620,2.306057862899535,48.843669422993166
621,2.306057862899535,48.845442978025524
622,2.306057862899535,48.8472164702487
623,2.306057862899535,48.848989899663245
624,2.306057862899535,48.85076326626965
625,2.306057862899535,48.85253657006846
626,2.306057862899535,48.854309811060205
627,2.306057862899535,48.85608298924539
628,2.306057862899535,48.85785610462457
629,2.306057862899535,48.85962915719824
630,2.306057862899535,48.86140214696696
631,2.306057862899535,48.86317507393124
632,2.306057862899535,48.864947938091596
633,2.306057862899535,48.866720739448574
634,2.306057862899535,48.86849347800269
635,2.306057862899535,48.87026615375448
636,2.306057862899535,48.87203876670446
637,2.306057862899535,48.87381131685318
638,2.306057862899535,48.875583804201156
639,2.306057862899535,48.87735622874891
640,2.306057862899535,48.879128590496975
641,2.306057862899535,48.880900889445876
642,2.306057862899535,48.88267312559616
643,2.306057862899535,48.88444529894835
644,2.306057862899535,48.88621740950296
645,2.306057862899535,48.88798945726054
646,2.306057862899535,48.889761442221605
647,2.306057862899535,48.891533364386696
648,2.306057862899535,48.893305223756336
649,2.306057862899535,48.89507702033107
650,2.3087528087518936,48.82415617208172
651,2.3087528087518936,48.8259304180496
652,2.3087528087518936,48.82770460120254
653,2.3087528087518936,48.829478721541065
654,2.3087528087518936,48.83125277906571
655,2.3087528087518936,48.833026773776965
656,2.3087528087518936,48.834800705675384
657,2.3087528087518936,48.83657457476149
658,2.3087528087518936,48.83834838103579
659,2.3087528087518936,48.840122124498826
660,2.3087528087518936,48.84189580515111
661,2.3087528087518936,48.843669422993166
662,2.3087528087518936,48.845442978025524
663,2.3087528087518936,48.8472164702487
664,2.3087528087518936,48.848989899663245
665,2.3087528087518936,48.85076326626965
666,2.3087528087518936,48.85253657006846
667,2.3087528087518936,48.854309811060205
668,2.3087528087518936,48.85608298924539
669,2.3087528087518936,48.85785610462457
670,2.3087528087518936,48.85962915719824
671,2.3087528087518936,48.86140214696696
672,2.3087528087518936,48.86317507393124
673,2.3087528087518936,48.864947938091596
674,2.3087528087518936,48.866720739448574
675,2.3087528087518936,48.86849347800269
676,2.3087528087518936,48.87026615375448
677,2.3087528087518936,48.87203876670446
678,2.3087528087518936,48.87381131685318
679,2.3087528087518936,48.875583804201156
680,2.3087528087518936,48.87735622874891
681,2.3087528087518936,48.879128590496975
682,2.3087528087518936,48.880900889445876
683,2.3087528087518936,48.88267312559616
684,2.3087528087518936,48.88444529894835
685,2.3087528087518936,48.88621740950296
686,2.3087528087518936,48.88798945726054
687,2.3087528087518936,48.889761442221605
688,2.3087528087518936,48.891533364386696
689,2.3087528087518936,48.893305223756336
690,2.3087528087518936,48.89507702033107
691,2.3114477546042522,48.82415617208172
692,2.3114477546042522,48.8259304180496
693,2.3114477546042522,48.82770460120254
694,2.3114477546042522,48.829478721541065
695,2.3114477546042522,48.83125277906571
696,2.3114477546042522,48.833026773776965
697,2.3114477546042522,48.834800705675384
698,2.3114477546042522,48.83657457476149
699,2.3114477546042522,48.83834838103579
700,2.3114477546042522,48.840122124498826
701,2.3114477546042522,48.84189580515111
702,2.3114477546042522,48.843669422993166
703,2.3114477546042522,48.845442978025524
704,2.3114477546042522,48.8472164702487
705,2.3114477546042522,48.848989899663245
706,2.3114477546042522,48.85076326626965
707,2.3114477546042522,48.85253657006846
708,2.3114477546042522,48.854309811060205
709,2.3114477546042522,48.85608298924539
710,2.3114477546042522,48.85785610462457
711,2.3114477546042522,48.85962915719824
712,2.3114477546042522,48.86140214696696
713,2.3114477546042522,48.86317507393124
714,2.3114477546042522,48.864947938091596
715,2.3114477546042522,48.866720739448574
716,2.3114477546042522,48.86849347800269
717,2.3114477546042522,48.87026615375448
718,2.3114477546042522,48.87203876670446
719,2.3114477546042522,48.87381131685318
720,2.3114477546042522,48.875583804201156
721,2.3114477546042522,48.87735622874891
722,2.3114477546042522,48.879128590496975
723,2.3114477546042522,48.880900889445876
724,2.3114477546042522,48.88267312559616
725,2.3114477546042522,48.88444529894835
726,2.3114477546042522,48.88621740950296
727,2.3114477546042522,48.88798945726054
728,2.3114477546042522,48.889761442221605
729,2.3114477546042522,48.891533364386696
730,2.3114477546042522,48.893305223756336
731,2.3114477546042522,48.89507702033107
732,2.3114477546042522,48.89684875411141
733,2.314142700456611,48.82238186329838
734,2.314142700456611,48.82415617208172
735,2.314142700456611,48.8259304180496
736,2.314142700456611,48.82770460120254
737,2.314142700456611,48.829478721541065
738,2.314142700456611,48.83125277906571
739,2.314142700456611,48.833026773776965
740,2.314142700456611,48.834800705675384
741,2.314142700456611,48.83657457476149
742,2.314142700456611,48.83834838103579
743,2.314142700456611,48.840122124498826
744,2.314142700456611,48.84189580515111
745,2.314142700456611,48.843669422993166
746,2.314142700456611,48.845442978025524
747,2.314142700456611,48.8472164702487
748,2.314142700456611,48.848989899663245
749,2.314142700456611,48.85076326626965
750,2.314142700456611,48.85253657006846
751,2.314142700456611,48.854309811060205
752,2.314142700456611,48.85608298924539
753,2.314142700456611,48.85785610462457
754,2.314142700456611,48.85962915719824
755,2.314142700456611,48.86140214696696
756,2.314142700456611,48.86317507393124
757,2.314142700456611,48.864947938091596
758,2.314142700456611,48.866720739448574
759,2.314142700456611,48.86849347800269
760,2.314142700456611,48.87026615375448
761,2.314142700456611,48.87203876670446
762,2.314142700456611,48.87381131685318
763,2.314142700456611,48.875583804201156
764,2.314142700456611,48.87735622874891
765,2.314142700456611,48.879128590496975
766,2.314142700456611,48.880900889445876
767,2.314142700456611,48.88267312559616
768,2.314142700456611,48.88444529894835
769,2.314142700456611,48.88621740950296
770,2.314142700456611,48.88798945726054
771,2.314142700456611,48.889761442221605
772,2.314142700456611,48.891533364386696
773,2.314142700456611,48.893305223756336
774,2.314142700456611,48.89507702033107
775,2.314142700456611,48.89684875411141
776,2.316837646308969,48.82238186329838
777,2.316837646308969,48.82415617208172
778,2.316837646308969,48.8259304180496
779,2.316837646308969,48.82770460120254
780,2.316837646308969,48.829478721541065
781,2.316837646308969,48.83125277906571
782,2.316837646308969,48.833026773776965
783,2.316837646308969,48.834800705675384
784,2.316837646308969,48.83657457476149
785,2.316837646308969,48.83834838103579
786,2.316837646308969,48.840122124498826
787,2.316837646308969,48.84189580515111
788,2.316837646308969,48.843669422993166
789,2.316837646308969,48.845442978025524
790,2.316837646308969,48.8472164702487
791,2.316837646308969,48.848989899663245
792,2.316837646308969,48.85076326626965
793,2.316837646308969,48.85253657006846
794,2.316837646308969,48.854309811060205
795,2.316837646308969,48.85608298924539
796,2.316837646308969,48.85785610462457
797,2.316837646308969,48.85962915719824
798,2.316837646308969,48.86140214696696
799,2.316837646308969,48.86317507393124
800,2.316837646308969,48.864947938091596
801,2.316837646308969,48.866720739448574
802,2.316837646308969,48.86849347800269
803,2.316837646308969,48.87026615375448
804,2.316837646308969,48.87203876670446
805,2.316837646308969,48.87381131685318
806,2.316837646308969,48.875583804201156
807,2.316837646308969,48.87735622874891
808,2.316837646308969,48.879128590496975
809,2.316837646308969,48.880900889445876
810,2.316837646308969,48.88267312559616
811,2.316837646308969,48.88444529894835
812,2.316837646308969,48.88621740950296
813,2.316837646308969,48.88798945726054
814,2.316837646308969,48.889761442221605
815,2.316837646308969,48.891533364386696
816,2.316837646308969,48.893305223756336
817,2.316837646308969,48.89507702033107
818,2.316837646308969,48.89684875411141
819,2.316837646308969,48.898620425097896
820,2.3195325921613277,48.82238186329838
821,2.3195325921613277,48.82415617208172
822,2.3195325921613277,48.8259304180496
823,2.3195325921613277,48.82770460120254
824,2.3195325921613277,48.829478721541065
825,2.3195325921613277,48.83125277906571
826,2.3195325921613277,48.833026773776965
827,2.3195325921613277,48.834800705675384
828,2.3195325921613277,48.83657457476149
829,2.3195325921613277,48.83834838103579
830,2.3195325921613277,48.840122124498826
831,2.3195325921613277,48.84189580515111
832,2.3195325921613277,48.843669422993166
833,2.3195325921613277,48.845442978025524
834,2.3195325921613277,48.8472164702487
835,2.3195325921613277,48.848989899663245
836,2.3195325921613277,48.85076326626965
837,2.3195325921613277,48.85253657006846
838,2.3195325921613277,48.854309811060205
839,2.3195325921613277,48.85608298924539
840,2.3195325921613277,48.85785610462457
841,2.3195325921613277,48.85962915719824
842,2.3195325921613277,48.86140214696696
843,2.3195325921613277,48.86317507393124
844,2.3195325921613277,48.864947938091596
845,2.3195325921613277,48.866720739448574
846,2.3195325921613277,48.86849347800269
847,2.3195325921613277,48.87026615375448
848,2.3195325921613277,48.87203876670446
849,2.3195325921613277,48.87381131685318
850,2.3195325921613277,48.875583804201156
851,2.3195325921613277,48.87735622874891
852,2.3195325921613277,48.879128590496975
853,2.3195325921613277,48.880900889445876
854,2.3195325921613277,48.88267312559616
855,2.3195325921613277,48.88444529894835
856,2.3195325921613277,48.88621740950296
857,2.3195325921613277,48.88798945726054
858,2.3195325921613277,48.889761442221605
859,2.3195325921613277,48.891533364386696
860,2.3195325921613277,48.893305223756336
861,2.3195325921613277,48.89507702033107
862,2.3195325921613277,48.89684875411141
863,2.3195325921613277,48.898620425097896
864,2.3222275380136863,48.82060749169906
865,2.3222275380136863,48.82238186329838
866,2.3222275380136863,48.82415617208172
867,2.3222275380136863,48.8259304180496
868,2.3222275380136863,48.82770460120254
869,2.3222275380136863,48.829478721541065
870,2.3222275380136863,48.83125277906571
871,2.3222275380136863,48.833026773776965
872,2.3222275380136863,48.834800705675384
873,2.3222275380136863,48.83657457476149
874,2.3222275380136863,48.83834838103579
875,2.3222275380136863,48.840122124498826
876,2.3222275380136863,48.84189580515111
877,2.3222275380136863,48.843669422993166
878,2.3222275380136863,48.845442978025524
879,2.3222275380136863,48.8472164702487
880,2.3222275380136863,48.848989899663245
881,2.3222275380136863,48.85076326626965
882,2.3222275380136863,48.85253657006846
883,2.3222275380136863,48.854309811060205
884,2.3222275380136863,48.85608298924539
885,2.3222275380136863,48.85785610462457
886,2.3222275380136863,48.85962915719824
887,2.3222275380136863,48.86140214696696
888,2.3222275380136863,48.86317507393124
889,2.3222275380136863,48.864947938091596
890,2.3222275380136863,48.866720739448574
891,2.3222275380136863,48.86849347800269
892,2.3222275380136863,48.87026615375448
893,2.3222275380136863,48.87203876670446
894,2.3222275380136863,48.87381131685318
895,2.3222275380136863,48.875583804201156
896,2.3222275380136863,48.87735622874891
897,2.3222275380136863,48.879128590496975
898,2.3222275380136863,48.880900889445876
899,2.3222275380136863,48.88267312559616
900,2.3222275380136863,48.88444529894835
901,2.3222275380136863,48.88621740950296
902,2.3222275380136863,48.88798945726054
903,2.3222275380136863,48.889761442221605
904,2.3222275380136863,48.891533364386696
905,2.3222275380136863,48.893305223756336
906,2.3222275380136863,48.89507702033107
907,2.3222275380136863,48.89684875411141
908,2.3222275380136863,48.898620425097896
909,2.3222275380136863,48.90039203329107
910,2.324922483866045,48.82060749169906
911,2.324922483866045,48.82238186329838
912,2.324922483866045,48.82415617208172
913,2.324922483866045,48.8259304180496
914,2.324922483866045,48.82770460120254
915,2.324922483866045,48.829478721541065
916,2.324922483866045,48.83125277906571
917,2.324922483866045,48.833026773776965
918,2.324922483866045,48.834800705675384
919,2.324922483866045,48.83657457476149
920,2.324922483866045,48.83834838103579
921,2.324922483866045,48.840122124498826
922,2.324922483866045,48.84189580515111
923,2.324922483866045,48.843669422993166
924,2.324922483866045,48.845442978025524
925,2.324922483866045,48.8472164702487
926,2.324922483866045,48.848989899663245
927,2.324922483866045,48.85076326626965
928,2.324922483866045,48.85253657006846
929,2.324922483866045,48.854309811060205
930,2.324922483866045,48.85608298924539
931,2.324922483866045,48.85785610462457
932,2.324922483866045,48.85962915719824
933,2.324922483866045,48.86140214696696
934,2.324922483866045,48.86317507393124
935,2.324922483866045,48.864947938091596
936,2.324922483866045,48.866720739448574
937,2.324922483866045,48.86849347800269
938,2.324922483866045,48.87026615375448
939,2.324922483866045,48.87203876670446
940,2.324922483866045,48.87381131685318
941,2.324922483866045,48.875583804201156
942,2.324922483866045,48.87735622874891
943,2.324922483866045,48.879128590496975
944,2.324922483866045,48.880900889445876
945,2.324922483866045,48.88267312559616
946,2.324922483866045,48.88444529894835
947,2.324922483866045,48.88621740950296
948,2.324922483866045,48.88798945726054
949,2.324922483866045,48.889761442221605
950,2.324922483866045,48.891533364386696
951,2.324922483866045,48.893305223756336
952,2.324922483866045,48.89507702033107
953,2.324922483866045,48.89684875411141
954,2.324922483866045,48.898620425097896
955,2.324922483866045,48.90039203329107
956,2.3276174297184036,48.82060749169906
957,2.3276174297184036,48.82238186329838
958,2.3276174297184036,48.82415617208172
959,2.3276174297184036,48.8259304180496
960,2.3276174297184036,48.82770460120254
961,2.3276174297184036,48.829478721541065
962,2.3276174297184036,48.83125277906571
963,2.3276174297184036,48.833026773776965
964,2.3276174297184036,48.834800705675384
965,2.3276174297184036,48.83657457476149
966,2.3276174297184036,48.83834838103579
967,2.3276174297184036,48.840122124498826
968,2.3276174297184036,48.84189580515111
969,2.3276174297184036,48.843669422993166
970,2.3276174297184036,48.845442978025524
971,2.3276174297184036,48.8472164702487
972,2.3276174297184036,48.848989899663245
973,2.3276174297184036,48.85076326626965
974,2.3276174297184036,48.85253657006846
975,2.3276174297184036,48.854309811060205
976,2.3276174297184036,48.85608298924539
977,2.3276174297184036,48.85785610462457
978,2.3276174297184036,48.85962915719824
979,2.3276174297184036,48.86140214696696
980,2.3276174297184036,48.86317507393124
981,2.3276174297184036,48.864947938091596
982,2.3276174297184036,48.866720739448574
983,2.3276174297184036,48.86849347800269
984,2.3276174297184036,48.87026615375448
985,2.3276174297184036,48.87203876670446
986,2.3276174297184036,48.87381131685318
987,2.3276174297184036,48.875583804201156
988,2.3276174297184036,48.87735622874891
989,2.3276174297184036,48.879128590496975
990,2.3276174297184036,48.880900889445876
991,2.3276174297184036,48.88267312559616
992,2.3276174297184036,48.88444529894835
993,2.3276174297184036,48.88621740950296
994,2.3276174297184036,48.88798945726054
995,2.3276174297184036,48.889761442221605
996,2.3276174297184036,48.891533364386696
997,2.3276174297184036,48.893305223756336
998,2.3276174297184036,48.89507702033107
999,2.3276174297184036,48.89684875411141
1000,2.3276174297184036,48.898620425097896
1001,2.3276174297184036,48.90039203329107
1002,2.330312375570762,48.81883305728324
1003,2.330312375570762,48.82060749169906
1004,2.330312375570762,48.82238186329838
1005,2.330312375570762,48.82415617208172
1006,2.330312375570762,48.8259304180496
1007,2.330312375570762,48.82770460120254
1008,2.330312375570762,48.829478721541065
1009,2.330312375570762,48.83125277906571
1010,2.330312375570762,48.833026773776965
1011,2.330312375570762,48.834800705675384
1012,2.330312375570762,48.83657457476149
1013,2.330312375570762,48.83834838103579
1014,2.330312375570762,48.840122124498826
1015,2.330312375570762,48.84189580515111
1016,2.330312375570762,48.843669422993166
1017,2.330312375570762,48.845442978025524
1018,2.330312375570762,48.8472164702487
1019,2.330312375570762,48.848989899663245
1020,2.330312375570762,48.85076326626965
1021,2.330312375570762,48.85253657006846
1022,2.330312375570762,48.854309811060205
1023,2.330312375570762,48.85608298924539
1024,2.330312375570762,48.85785610462457
1025,2.330312375570762,48.85962915719824
1026,2.330312375570762,48.86140214696696
1027,2.330312375570762,48.86317507393124
1028,2.330312375570762,48.864947938091596
1029,2.330312375570762,48.866720739448574
1030,2.330312375570762,48.86849347800269
1031,2.330312375570762,48.87026615375448
1032,2.330312375570762,48.87203876670446
1033,2.330312375570762,48.87381131685318
1034,2.330312375570762,48.875583804201156
1035,2.330312375570762,48.87735622874891
1036,2.330312375570762,48.879128590496975
1037,2.330312375570762,48.880900889445876
1038,2.330312375570762,48.88267312559616
1039,2.330312375570762,48.88444529894835
1040,2.330312375570762,48.88621740950296
1041,2.330312375570762,48.88798945726054
1042,2.330312375570762,48.889761442221605
1043,2.330312375570762,48.891533364386696
1044,2.330312375570762,48.893305223756336
1045,2.330312375570762,48.89507702033107
1046,2.330312375570762,48.89684875411141
1047,2.330312375570762,48.898620425097896
1048,2.330312375570762,48.90039203329107
1049,2.333007321423121,48.817058560050384
1050,2.333007321423121,48.81883305728324
1051,2.333007321423121,48.82060749169906
1052,2.333007321423121,48.82238186329838
1053,2.333007321423121,48.82415617208172
1054,2.333007321423121,48.8259304180496
1055,2.333007321423121,48.82770460120254
1056,2.333007321423121,48.829478721541065
1057,2.333007321423121,48.83125277906571
1058,2.333007321423121,48.833026773776965
1059,2.333007321423121,48.834800705675384
1060,2.333007321423121,48.83657457476149
1061,2.333007321423121,48.83834838103579
1062,2.333007321423121,48.840122124498826
1063,2.333007321423121,48.84189580515111
1064,2.333007321423121,48.843669422993166
1065,2.333007321423121,48.845442978025524
1066,2.333007321423121,48.8472164702487
1067,2.333007321423121,48.848989899663245
1068,2.333007321423121,48.85076326626965
1069,2.333007321423121,48.85253657006846
1070,2.333007321423121,48.854309811060205
1071,2.333007321423121,48.85608298924539
1072,2.333007321423121,48.85785610462457
1073,2.333007321423121,48.85962915719824
1074,2.333007321423121,48.86140214696696
1075,2.333007321423121,48.86317507393124
1076,2.333007321423121,48.864947938091596
1077,2.333007321423121,48.866720739448574
1078,2.333007321423121,48.86849347800269
1079,2.333007321423121,48.87026615375448
1080,2.333007321423121,48.87203876670446
1081,2.333007321423121,48.87381131685318
1082,2.333007321423121,48.875583804201156
1083,2.333007321423121,48.87735622874891
1084,2.333007321423121,48.879128590496975
1085,2.333007321423121,48.880900889445876
1086,2.333007321423121,48.88267312559616
1087,2.333007321423121,48.88444529894835
1088,2.333007321423121,48.88621740950296
1089,2.333007321423121,48.88798945726054
1090,2.333007321423121,48.889761442221605
1091,2.333007321423121,48.891533364386696
1092,2.333007321423121,48.893305223756336
1093,2.333007321423121,48.89507702033107
1094,2.333007321423121,48.89684875411141
1095,2.333007321423121,48.898620425097896
1096,2.333007321423121,48.90039203329107
1097,2.3357022672754795,48.817058560050384
1098,2.3357022672754795,48.81883305728324
1099,2.3357022672754795,48.82060749169906
1100,2.3357022672754795,48.82238186329838
1101,2.3357022672754795,48.82415617208172
1102,2.3357022672754795,48.8259304180496
1103,2.3357022672754795,48.82770460120254
1104,2.3357022672754795,48.829478721541065
1105,2.3357022672754795,48.83125277906571
1106,2.3357022672754795,48.833026773776965
1107,2.3357022672754795,48.834800705675384
1108,2.3357022672754795,48.83657457476149
1109,2.3357022672754795,48.83834838103579
1110,2.3357022672754795,48.840122124498826
1111,2.3357022672754795,48.84189580515111
1112,2.3357022672754795,48.843669422993166
1113,2.3357022672754795,48.845442978025524
1114,2.3357022672754795,48.8472164702487
1115,2.3357022672754795,48.848989899663245
1116,2.3357022672754795,48.85076326626965
1117,2.3357022672754795,48.85253657006846
1118,2.3357022672754795,48.854309811060205
1119,2.3357022672754795,48.85608298924539
1120,2.3357022672754795,48.85785610462457
1121,2.3357022672754795,48.85962915719824
1122,2.3357022672754795,48.86140214696696
1123,2.3357022672754795,48.86317507393124
1124,2.3357022672754795,48.864947938091596
1125,2.3357022672754795,48.866720739448574
1126,2.3357022672754795,48.86849347800269
1127,2.3357022672754795,48.87026615375448
1128,2.3357022672754795,48.87203876670446
1129,2.3357022672754795,48.87381131685318
1130,2.3357022672754795,48.875583804201156
1131,2.3357022672754795,48.87735622874891
1132,2.3357022672754795,48.879128590496975
1133,2.3357022672754795,48.880900889445876
1134,2.3357022672754795,48.88267312559616
1135,2.3357022672754795,48.88444529894835
1136,2.3357022672754795,48.88621740950296
1137,2.3357022672754795,48.88798945726054
1138,2.3357022672754795,48.889761442221605
1139,2.3357022672754795,48.891533364386696
1140,2.3357022672754795,48.893305223756336
1141,2.3357022672754795,48.89507702033107
1142,2.3357022672754795,48.89684875411141
1143,2.3357022672754795,48.898620425097896
1144,2.3357022672754795,48.90039203329107
1145,2.3383972131278377,48.817058560050384
1146,2.3383972131278377,48.81883305728324
1147,2.3383972131278377,48.82060749169906
1148,2.3383972131278377,48.82238186329838
1149,2.3383972131278377,48.82415617208172
1150,2.3383972131278377,48.8259304180496
1151,2.3383972131278377,48.82770460120254
1152,2.3383972131278377,48.829478721541065
1153,2.3383972131278377,48.83125277906571
1154,2.3383972131278377,48.833026773776965
1155,2.3383972131278377,48.834800705675384
1156,2.3383972131278377,48.83657457476149
1157,2.3383972131278377,48.83834838103579
1158,2.3383972131278377,48.840122124498826
1159,2.3383972131278377,48.84189580515111
1160,2.3383972131278377,48.843669422993166
1161,2.3383972131278377,48.845442978025524
1162,2.3383972131278377,48.8472164702487
1163,2.3383972131278377,48.848989899663245
1164,2.3383972131278377,48.85076326626965
1165,2.3383972131278377,48.85253657006846
1166,2.3383972131278377,48.854309811060205
1167,2.3383972131278377,48.85608298924539
1168,2.3383972131278377,48.85785610462457
1169,2.3383972131278377,48.85962915719824
1170,2.3383972131278377,48.86140214696696
1171,2.3383972131278377,48.86317507393124
1172,2.3383972131278377,48.864947938091596
1173,2.3383972131278377,48.866720739448574
1174,2.3383972131278377,48.86849347800269
1175,2.3383972131278377,48.87026615375448
1176,2.3383972131278377,48.87203876670446
1177,2.3383972131278377,48.87381131685318
1178,2.3383972131278377,48.875583804201156
1179,2.3383972131278377,48.87735622874891
1180,2.3383972131278377,48.879128590496975
1181,2.3383972131278377,48.880900889445876
1182,2.3383972131278377,48.88267312559616
1183,2.3383972131278377,48.88444529894835
1184,2.3383972131278377,48.88621740950296
1185,2.3383972131278377,48.88798945726054
1186,2.3383972131278377,48.889761442221605
1187,2.3383972131278377,48.891533364386696
1188,2.3383972131278377,48.893305223756336
1189,2.3383972131278377,48.89507702033107
1190,2.3383972131278377,48.89684875411141
1191,2.3383972131278377,48.898620425097896
1192,2.3383972131278377,48.90039203329107
1193,2.3410921589801963,48.817058560050384
1194,2.3410921589801963,48.81883305728324
1195,2.3410921589801963,48.82060749169906
1196,2.3410921589801963,48.82238186329838
1197,2.3410921589801963,48.82415617208172
1198,2.3410921589801963,48.8259304180496
1199,2.3410921589801963,48.82770460120254
1200,2.3410921589801963,48.829478721541065
1201,2.3410921589801963,48.83125277906571
1202,2.3410921589801963,48.833026773776965
1203,2.3410921589801963,48.834800705675384
1204,2.3410921589801963,48.83657457476149
1205,2.3410921589801963,48.83834838103579
1206,2.3410921589801963,48.840122124498826
1207,2.3410921589801963,48.84189580515111
1208,2.3410921589801963,48.843669422993166
1209,2.3410921589801963,48.845442978025524
1210,2.3410921589801963,48.8472164702487
1211,2.3410921589801963,48.848989899663245
1212,2.3410921589801963,48.85076326626965
1213,2.3410921589801963,48.85253657006846
1214,2.3410921589801963,48.854309811060205
1215,2.3410921589801963,48.85608298924539
1216,2.3410921589801963,48.85785610462457
1217,2.3410921589801963,48.85962915719824
1218,2.3410921589801963,48.86140214696696
1219,2.3410921589801963,48.86317507393124
1220,2.3410921589801963,48.864947938091596
1221,2.3410921589801963,48.866720739448574
1222,2.3410921589801963,48.86849347800269
1223,2.3410921589801963,48.87026615375448
1224,2.3410921589801963,48.87203876670446
1225,2.3410921589801963,48.87381131685318
1226,2.3410921589801963,48.875583804201156
1227,2.3410921589801963,48.87735622874891
1228,2.3410921589801963,48.879128590496975
1229,2.3410921589801963,48.880900889445876
1230,2.3410921589801963,48.88267312559616
1231,2.3410921589801963,48.88444529894835
1232,2.3410921589801963,48.88621740950296
1233,2.3410921589801963,48.88798945726054
1234,2.3410921589801963,48.889761442221605
1235,2.3410921589801963,48.891533364386696
1236,2.3410921589801963,48.893305223756336
1237,2.3410921589801963,48.89507702033107
1238,2.3410921589801963,48.89684875411141
1239,2.3410921589801963,48.898620425097896
1240,2.3410921589801963,48.90039203329107
1241,2.343787104832555,48.817058560050384
1242,2.343787104832555,48.81883305728324
1243,2.343787104832555,48.82060749169906
1244,2.343787104832555,48.82238186329838
1245,2.343787104832555,48.82415617208172
1246,2.343787104832555,48.8259304180496
1247,2.343787104832555,48.82770460120254
1248,2.343787104832555,48.829478721541065
1249,2.343787104832555,48.83125277906571
1250,2.343787104832555,48.833026773776965
1251,2.343787104832555,48.834800705675384
1252,2.343787104832555,48.83657457476149
1253,2.343787104832555,48.83834838103579
1254,2.343787104832555,48.840122124498826
1255,2.343787104832555,48.84189580515111
1256,2.343787104832555,48.843669422993166
1257,2.343787104832555,48.845442978025524
1258,2.343787104832555,48.8472164702487
1259,2.343787104832555,48.848989899663245
1260,2.343787104832555,48.85076326626965
1261,2.343787104832555,48.85253657006846
1262,2.343787104832555,48.854309811060205
1263,2.343787104832555,48.85608298924539
1264,2.343787104832555,48.85785610462457
1265,2.343787104832555,48.85962915719824
1266,2.343787104832555,48.86140214696696
1267,2.343787104832555,48.86317507393124
1268,2.343787104832555,48.864947938091596
1269,2.343787104832555,48.866720739448574
1270,2.343787104832555,48.86849347800269
1271,2.343787104832555,48.87026615375448
1272,2.343787104832555,48.87203876670446
1273,2.343787104832555,48.87381131685318
1274,2.343787104832555,48.875583804201156
1275,2.343787104832555,48.87735622874891
1276,2.343787104832555,48.879128590496975
1277,2.343787104832555,48.880900889445876
1278,2.343787104832555,48.88267312559616
1279,2.343787104832555,48.88444529894835
1280,2.343787104832555,48.88621740950296
1281,2.343787104832555,48.88798945726054
1282,2.343787104832555,48.889761442221605
1283,2.343787104832555,48.891533364386696
1284,2.343787104832555,48.893305223756336
1285,2.343787104832555,48.89507702033107
1286,2.343787104832555,48.89684875411141
1287,2.343787104832555,48.898620425097896
1288,2.343787104832555,48.90039203329107
1289,2.3464820506849136,48.817058560050384
1290,2.3464820506849136,48.81883305728324
1291,2.3464820506849136,48.82060749169906
1292,2.3464820506849136,48.82238186329838
1293,2.3464820506849136,48.82415617208172
1294,2.3464820506849136,48.8259304180496
1295,2.3464820506849136,48.82770460120254
1296,2.3464820506849136,48.829478721541065
1297,2.3464820506849136,48.83125277906571
1298,2.3464820506849136,48.833026773776965
1299,2.3464820506849136,48.834800705675384
1300,2.3464820506849136,48.83657457476149
1301,2.3464820506849136,48.83834838103579
1302,2.3464820506849136,48.840122124498826
1303,2.3464820506849136,48.84189580515111
1304,2.3464820506849136,48.843669422993166
1305,2.3464820506849136,48.845442978025524
1306,2.3464820506849136,48.8472164702487
1307,2.3464820506849136,48.848989899663245
1308,2.3464820506849136,48.85076326626965
1309,2.3464820506849136,48.85253657006846
1310,2.3464820506849136,48.854309811060205
1311,2.3464820506849136,48.85608298924539
1312,2.3464820506849136,48.85785610462457
1313,2.3464820506849136,48.85962915719824
1314,2.3464820506849136,48.86140214696696
1315,2.3464820506849136,48.86317507393124
1316,2.3464820506849136,48.864947938091596
1317,2.3464820506849136,48.866720739448574
1318,2.3464820506849136,48.86849347800269
1319,2.3464820506849136,48.87026615375448
1320,2.3464820506849136,48.87203876670446
1321,2.3464820506849136,48.87381131685318
1322,2.3464820506849136,48.875583804201156
1323,2.3464820506849136,48.87735622874891
1324,2.3464820506849136,48.879128590496975
1325,2.3464820506849136,48.880900889445876
1326,2.3464820506849136,48.88267312559616
1327,2.3464820506849136,48.88444529894835
1328,2.3464820506849136,48.88621740950296
1329,2.3464820506849136,48.88798945726054
1330,2.3464820506849136,48.889761442221605
1331,2.3464820506849136,48.891533364386696
1332,2.3464820506849136,48.893305223756336
1333,2.3464820506849136,48.89507702033107
1334,2.3464820506849136,48.89684875411141
1335,2.3464820506849136,48.898620425097896
1336,2.3464820506849136,48.90039203329107
1337,2.349176996537272,48.817058560050384
1338,2.349176996537272,48.81883305728324
1339,2.349176996537272,48.82060749169906
1340,2.349176996537272,48.82238186329838
1341,2.349176996537272,48.82415617208172
1342,2.349176996537272,48.8259304180496
1343,2.349176996537272,48.82770460120254
1344,2.349176996537272,48.829478721541065
1345,2.349176996537272,48.83125277906571
1346,2.349176996537272,48.833026773776965
1347,2.349176996537272,48.834800705675384
1348,2.349176996537272,48.83657457476149
1349,2.349176996537272,48.83834838103579
1350,2.349176996537272,48.840122124498826
1351,2.349176996537272,48.84189580515111
1352,2.349176996537272,48.843669422993166
1353,2.349176996537272,48.845442978025524
1354,2.349176996537272,48.8472164702487
1355,2.349176996537272,48.848989899663245
1356,2.349176996537272,48.85076326626965
1357,2.349176996537272,48.85253657006846
1358,2.349176996537272,48.854309811060205
1359,2.349176996537272,48.85608298924539
1360,2.349176996537272,48.85785610462457
1361,2.349176996537272,48.85962915719824
1362,2.349176996537272,48.86140214696696
1363,2.349176996537272,48.86317507393124
1364,2.349176996537272,48.864947938091596
1365,2.349176996537272,48.866720739448574
1366,2.349176996537272,48.86849347800269
1367,2.349176996537272,48.87026615375448
1368,2.349176996537272,48.87203876670446
1369,2.349176996537272,48.87381131685318
1370,2.349176996537272,48.875583804201156
1371,2.349176996537272,48.87735622874891
1372,2.349176996537272,48.879128590496975
1373,2.349176996537272,48.880900889445876
1374,2.349176996537272,48.88267312559616
1375,2.349176996537272,48.88444529894835
1376,2.349176996537272,48.88621740950296
1377,2.349176996537272,48.88798945726054
1378,2.349176996537272,48.889761442221605
1379,2.349176996537272,48.891533364386696
1380,2.349176996537272,48.893305223756336
1381,2.349176996537272,48.89507702033107
1382,2.349176996537272,48.89684875411141
1383,2.349176996537272,48.898620425097896
1384,2.349176996537272,48.90039203329107
1385,2.351871942389631,48.81883305728324
1386,2.351871942389631,48.82060749169906
1387,2.351871942389631,48.82238186329838
1388,2.351871942389631,48.82415617208172
1389,2.351871942389631,48.8259304180496
1390,2.351871942389631,48.82770460120254
1391,2.351871942389631,48.829478721541065
1392,2.351871942389631,48.83125277906571
1393,2.351871942389631,48.833026773776965
1394,2.351871942389631,48.834800705675384
1395,2.351871942389631,48.83657457476149
1396,2.351871942389631,48.83834838103579
1397,2.351871942389631,48.840122124498826
1398,2.351871942389631,48.84189580515111
1399,2.351871942389631,48.843669422993166
1400,2.351871942389631,48.845442978025524
1401,2.351871942389631,48.8472164702487
1402,2.351871942389631,48.848989899663245
1403,2.351871942389631,48.85076326626965
1404,2.351871942389631,48.85253657006846
1405,2.351871942389631,48.854309811060205
1406,2.351871942389631,48.85608298924539
1407,2.351871942389631,48.85785610462457
1408,2.351871942389631,48.85962915719824
1409,2.351871942389631,48.86140214696696
1410,2.351871942389631,48.86317507393124
1411,2.351871942389631,48.864947938091596
1412,2.351871942389631,48.866720739448574
1413,2.351871942389631,48.86849347800269
1414,2.351871942389631,48.87026615375448
1415,2.351871942389631,48.87203876670446
1416,2.351871942389631,48.87381131685318
1417,2.351871942389631,48.875583804201156
1418,2.351871942389631,48.87735622874891
1419,2.351871942389631,48.879128590496975
1420,2.351871942389631,48.880900889445876
1421,2.351871942389631,48.88267312559616
1422,2.351871942389631,48.88444529894835
1423,2.351871942389631,48.88621740950296
1424,2.351871942389631,48.88798945726054
1425,2.351871942389631,48.889761442221605
1426,2.351871942389631,48.891533364386696
1427,2.351871942389631,48.893305223756336
1428,2.351871942389631,48.89507702033107
1429,2.351871942389631,48.89684875411141
1430,2.351871942389631,48.898620425097896
1431,2.351871942389631,48.90039203329107
1432,2.3545668882419895,48.817058560050384
1433,2.3545668882419895,48.81883305728324
1434,2.3545668882419895,48.82060749169906
1435,2.3545668882419895,48.82238186329838
1436,2.3545668882419895,48.82415617208172
1437,2.3545668882419895,48.8259304180496
1438,2.3545668882419895,48.82770460120254
1439,2.3545668882419895,48.829478721541065
1440,2.3545668882419895,48.83125277906571
1441,2.3545668882419895,48.833026773776965
1442,2.3545668882419895,48.834800705675384
1443,2.3545668882419895,48.83657457476149
1444,2.3545668882419895,48.83834838103579
1445,2.3545668882419895,48.840122124498826
1446,2.3545668882419895,48.84189580515111
1447,2.3545668882419895,48.843669422993166
1448,2.3545668882419895,48.845442978025524
1449,2.3545668882419895,48.8472164702487
1450,2.3545668882419895,48.848989899663245
1451,2.3545668882419895,48.85076326626965
1452,2.3545668882419895,48.85253657006846
1453,2.3545668882419895,48.854309811060205
1454,2.3545668882419895,48.85608298924539
1455,2.3545668882419895,48.85785610462457
1456,2.3545668882419895,48.85962915719824
1457,2.3545668882419895,48.86140214696696
1458,2.3545668882419895,48.86317507393124
1459,2.3545668882419895,48.864947938091596
1460,2.3545668882419895,48.866720739448574
1461,2.3545668882419895,48.86849347800269
1462,2.3545668882419895,48.87026615375448
1463,2.3545668882419895,48.87203876670446
1464,2.3545668882419895,48.87381131685318
1465,2.3545668882419895,48.875583804201156
1466,2.3545668882419895,48.87735622874891
1467,2.3545668882419895,48.879128590496975
1468,2.3545668882419895,48.880900889445876
1469,2.3545668882419895,48.88267312559616
1470,2.3545668882419895,48.88444529894835
1471,2.3545668882419895,48.88621740950296
1472,2.3545668882419895,48.88798945726054
1473,2.3545668882419895,48.889761442221605
1474,2.3545668882419895,48.891533364386696
1475,2.3545668882419895,48.893305223756336
1476,2.3545668882419895,48.89507702033107
1477,2.3545668882419895,48.89684875411141
1478,2.3545668882419895,48.898620425097896
1479,2.3545668882419895,48.90039203329107
1480,2.3572618340943476,48.817058560050384
1481,2.3572618340943476,48.81883305728324
1482,2.3572618340943476,48.82060749169906
1483,2.3572618340943476,48.82238186329838
1484,2.3572618340943476,48.82415617208172
1485,2.3572618340943476,48.8259304180496
1486,2.3572618340943476,48.82770460120254
1487,2.3572618340943476,48.829478721541065
1488,2.3572618340943476,48.83125277906571
1489,2.3572618340943476,48.833026773776965
1490,2.3572618340943476,48.834800705675384
1491,2.3572618340943476,48.83657457476149
1492,2.3572618340943476,48.83834838103579
1493,2.3572618340943476,48.840122124498826
1494,2.3572618340943476,48.84189580515111
1495,2.3572618340943476,48.843669422993166
1496,2.3572618340943476,48.845442978025524
1497,2.3572618340943476,48.8472164702487
1498,2.3572618340943476,48.848989899663245
1499,2.3572618340943476,48.85076326626965
1500,2.3572618340943476,48.85253657006846
1501,2.3572618340943476,48.854309811060205
1502,2.3572618340943476,48.85608298924539
1503,2.3572618340943476,48.85785610462457
1504,2.3572618340943476,48.85962915719824
1505,2.3572618340943476,48.86140214696696
1506,2.3572618340943476,48.86317507393124
1507,2.3572618340943476,48.864947938091596
1508,2.3572618340943476,48.866720739448574
1509,2.3572618340943476,48.86849347800269
1510,2.3572618340943476,48.87026615375448
1511,2.3572618340943476,48.87203876670446
1512,2.3572618340943476,48.87381131685318
1513,2.3572618340943476,48.875583804201156
1514,2.3572618340943476,48.87735622874891
1515,2.3572618340943476,48.879128590496975
1516,2.3572618340943476,48.880900889445876
1517,2.3572618340943476,48.88267312559616
1518,2.3572618340943476,48.88444529894835
1519,2.3572618340943476,48.88621740950296
1520,2.3572618340943476,48.88798945726054
1521,2.3572618340943476,48.889761442221605
1522,2.3572618340943476,48.891533364386696
1523,2.3572618340943476,48.893305223756336
1524,2.3572618340943476,48.89507702033107
1525,2.3572618340943476,48.89684875411141
1526,2.3572618340943476,48.898620425097896
1527,2.3572618340943476,48.90039203329107
1528,2.3599567799467063,48.817058560050384
1529,2.3599567799467063,48.81883305728324
1530,2.3599567799467063,48.82060749169906
1531,2.3599567799467063,48.82238186329838
1532,2.3599567799467063,48.82415617208172
1533,2.3599567799467063,48.8259304180496
1534,2.3599567799467063,48.82770460120254
1535,2.3599567799467063,48.829478721541065
1536,2.3599567799467063,48.83125277906571
1537,2.3599567799467063,48.833026773776965
1538,2.3599567799467063,48.834800705675384
1539,2.3599567799467063,48.83657457476149
1540,2.3599567799467063,48.83834838103579
1541,2.3599567799467063,48.840122124498826
1542,2.3599567799467063,48.84189580515111
1543,2.3599567799467063,48.843669422993166
1544,2.3599567799467063,48.845442978025524
1545,2.3599567799467063,48.8472164702487
1546,2.3599567799467063,48.848989899663245
1547,2.3599567799467063,48.85076326626965
1548,2.3599567799467063,48.85253657006846
1549,2.3599567799467063,48.854309811060205
1550,2.3599567799467063,48.85608298924539
1551,2.3599567799467063,48.85785610462457
1552,2.3599567799467063,48.85962915719824
1553,2.3599567799467063,48.86140214696696
1554,2.3599567799467063,48.86317507393124
1555,2.3599567799467063,48.864947938091596
1556,2.3599567799467063,48.866720739448574
1557,2.3599567799467063,48.86849347800269
1558,2.3599567799467063,48.87026615375448
1559,2.3599567799467063,48.87203876670446
1560,2.3599567799467063,48.87381131685318
1561,2.3599567799467063,48.875583804201156
1562,2.3599567799467063,48.87735622874891
1563,2.3599567799467063,48.879128590496975
1564,2.3599567799467063,48.880900889445876
1565,2.3599567799467063,48.88267312559616
1566,2.3599567799467063,48.88444529894835
1567,2.3599567799467063,48.88621740950296
1568,2.3599567799467063,48.88798945726054
1569,2.3599567799467063,48.889761442221605
1570,2.3599567799467063,48.891533364386696
1571,2.3599567799467063,48.893305223756336
1572,2.3599567799467063,48.89507702033107
1573,2.3599567799467063,48.89684875411141
1574,2.3599567799467063,48.898620425097896
1575,2.3599567799467063,48.90039203329107
1576,2.3626517257990645,48.817058560050384
1577,2.3626517257990645,48.81883305728324
1578,2.3626517257990645,48.82060749169906
1579,2.3626517257990645,48.82238186329838
1580,2.3626517257990645,48.82415617208172
1581,2.3626517257990645,48.8259304180496
1582,2.3626517257990645,48.82770460120254
1583,2.3626517257990645,48.829478721541065
1584,2.3626517257990645,48.83125277906571
1585,2.3626517257990645,48.833026773776965
1586,2.3626517257990645,48.834800705675384
1587,2.3626517257990645,48.83657457476149
1588,2.3626517257990645,48.83834838103579
1589,2.3626517257990645,48.840122124498826
1590,2.3626517257990645,48.84189580515111
1591,2.3626517257990645,48.843669422993166
1592,2.3626517257990645,48.845442978025524
1593,2.3626517257990645,48.8472164702487
1594,2.3626517257990645,48.848989899663245
1595,2.3626517257990645,48.85076326626965
1596,2.3626517257990645,48.85253657006846
1597,2.3626517257990645,48.854309811060205
1598,2.3626517257990645,48.85608298924539
1599,2.3626517257990645,48.85785610462457
1600,2.3626517257990645,48.85962915719824
1601,2.3626517257990645,48.86140214696696
1602,2.3626517257990645,48.86317507393124
1603,2.3626517257990645,48.864947938091596
1604,2.3626517257990645,48.866720739448574
1605,2.3626517257990645,48.86849347800269
1606,2.3626517257990645,48.87026615375448
1607,2.3626517257990645,48.87203876670446
1608,2.3626517257990645,48.87381131685318
1609,2.3626517257990645,48.875583804201156
1610,2.3626517257990645,48.87735622874891
1611,2.3626517257990645,48.879128590496975
1612,2.3626517257990645,48.880900889445876
1613,2.3626517257990645,48.88267312559616
1614,2.3626517257990645,48.88444529894835
1615,2.3626517257990645,48.88621740950296
1616,2.3626517257990645,48.88798945726054
1617,2.3626517257990645,48.889761442221605
1618,2.3626517257990645,48.891533364386696
1619,2.3626517257990645,48.893305223756336
1620,2.3626517257990645,48.89507702033107
1621,2.3626517257990645,48.89684875411141
1622,2.3626517257990645,48.898620425097896
1623,2.3626517257990645,48.90039203329107
1624,2.365346671651423,48.817058560050384
1625,2.365346671651423,48.81883305728324
1626,2.365346671651423,48.82060749169906
1627,2.365346671651423,48.82238186329838
1628,2.365346671651423,48.82415617208172
1629,2.365346671651423,48.8259304180496
1630,2.365346671651423,48.82770460120254
1631,2.365346671651423,48.829478721541065
1632,2.365346671651423,48.83125277906571
1633,2.365346671651423,48.833026773776965
1634,2.365346671651423,48.834800705675384
1635,2.365346671651423,48.83657457476149
1636,2.365346671651423,48.83834838103579
1637,2.365346671651423,48.840122124498826
1638,2.365346671651423,48.84189580515111
1639,2.365346671651423,48.843669422993166
1640,2.365346671651423,48.845442978025524
1641,2.365346671651423,48.8472164702487
1642,2.365346671651423,48.848989899663245
1643,2.365346671651423,48.85076326626965
1644,2.365346671651423,48.85253657006846
1645,2.365346671651423,48.854309811060205
1646,2.365346671651423,48.85608298924539
1647,2.365346671651423,48.85785610462457
1648,2.365346671651423,48.85962915719824
1649,2.365346671651423,48.86140214696696
1650,2.365346671651423,48.86317507393124
1651,2.365346671651423,48.864947938091596
1652,2.365346671651423,48.866720739448574
1653,2.365346671651423,48.86849347800269
1654,2.365346671651423,48.87026615375448
1655,2.365346671651423,48.87203876670446
1656,2.365346671651423,48.87381131685318
1657,2.365346671651423,48.875583804201156
1658,2.365346671651423,48.87735622874891
1659,2.365346671651423,48.879128590496975
1660,2.365346671651423,48.880900889445876
1661,2.365346671651423,48.88267312559616
1662,2.365346671651423,48.88444529894835
1663,2.365346671651423,48.88621740950296
1664,2.365346671651423,48.88798945726054
1665,2.365346671651423,48.889761442221605
1666,2.365346671651423,48.891533364386696
1667,2.365346671651423,48.893305223756336
1668,2.365346671651423,48.89507702033107
1669,2.365346671651423,48.89684875411141
1670,2.365346671651423,48.898620425097896
1671,2.365346671651423,48.90039203329107
1672,2.3680416175037817,48.81883305728324
1673,2.3680416175037817,48.82060749169906
1674,2.3680416175037817,48.82238186329838
1675,2.3680416175037817,48.82415617208172
1676,2.3680416175037817,48.8259304180496
1677,2.3680416175037817,48.82770460120254
1678,2.3680416175037817,48.829478721541065
1679,2.3680416175037817,48.83125277906571
1680,2.3680416175037817,48.833026773776965
1681,2.3680416175037817,48.834800705675384
1682,2.3680416175037817,48.83657457476149
1683,2.3680416175037817,48.83834838103579
1684,2.3680416175037817,48.840122124498826
1685,2.3680416175037817,48.84189580515111
1686,2.3680416175037817,48.843669422993166
1687,2.3680416175037817,48.845442978025524
1688,2.3680416175037817,48.8472164702487
1689,2.3680416175037817,48.848989899663245
1690,2.3680416175037817,48.85076326626965
1691,2.3680416175037817,48.85253657006846
1692,2.3680416175037817,48.854309811060205
1693,2.3680416175037817,48.85608298924539
1694,2.3680416175037817,48.85785610462457
1695,2.3680416175037817,48.85962915719824
1696,2.3680416175037817,48.86140214696696
1697,2.3680416175037817,48.86317507393124
1698,2.3680416175037817,48.864947938091596
1699,2.3680416175037817,48.866720739448574
1700,2.3680416175037817,48.86849347800269
1701,2.3680416175037817,48.87026615375448
1702,2.3680416175037817,48.87203876670446
1703,2.3680416175037817,48.87381131685318
1704,2.3680416175037817,48.875583804201156
1705,2.3680416175037817,48.87735622874891
1706,2.3680416175037817,48.879128590496975
1707,2.3680416175037817,48.880900889445876
1708,2.3680416175037817,48.88267312559616
1709,2.3680416175037817,48.88444529894835
1710,2.3680416175037817,48.88621740950296
1711,2.3680416175037817,48.88798945726054
1712,2.3680416175037817,48.889761442221605
1713,2.3680416175037817,48.891533364386696
1714,2.3680416175037817,48.893305223756336
1715,2.3680416175037817,48.89507702033107
1716,2.3680416175037817,48.89684875411141
1717,2.3680416175037817,48.898620425097896
1718,2.3680416175037817,48.90039203329107
1719,2.3707365633561404,48.81883305728324
1720,2.3707365633561404,48.82060749169906
1721,2.3707365633561404,48.82238186329838
1722,2.3707365633561404,48.82415617208172
1723,2.3707365633561404,48.8259304180496
1724,2.3707365633561404,48.82770460120254
1725,2.3707365633561404,48.829478721541065
1726,2.3707365633561404,48.83125277906571
1727,2.3707365633561404,48.833026773776965
1728,2.3707365633561404,48.834800705675384
1729,2.3707365633561404,48.83657457476149
1730,2.3707365633561404,48.83834838103579
1731,2.3707365633561404,48.840122124498826
1732,2.3707365633561404,48.84189580515111
1733,2.3707365633561404,48.843669422993166
1734,2.3707365633561404,48.845442978025524
1735,2.3707365633561404,48.8472164702487
1736,2.3707365633561404,48.848989899663245
1737,2.3707365633561404,48.85076326626965
1738,2.3707365633561404,48.85253657006846
1739,2.3707365633561404,48.854309811060205
1740,2.3707365633561404,48.85608298924539
1741,2.3707365633561404,48.85785610462457
1742,2.3707365633561404,48.85962915719824
1743,2.3707365633561404,48.86140214696696
1744,2.3707365633561404,48.86317507393124
1745,2.3707365633561404,48.864947938091596
1746,2.3707365633561404,48.866720739448574
1747,2.3707365633561404,48.86849347800269
1748,2.3707365633561404,48.87026615375448
1749,2.3707365633561404,48.87203876670446
1750,2.3707365633561404,48.87381131685318
1751,2.3707365633561404,48.875583804201156
1752,2.3707365633561404,48.87735622874891
1753,2.3707365633561404,48.879128590496975
1754,2.3707365633561404,48.880900889445876
1755,2.3707365633561404,48.88267312559616
1756,2.3707365633561404,48.88444529894835
1757,2.3707365633561404,48.88621740950296
1758,2.3707365633561404,48.88798945726054
1759,2.3707365633561404,48.889761442221605
1760,2.3707365633561404,48.891533364386696
1761,2.3707365633561404,48.893305223756336
1762,2.3707365633561404,48.89507702033107
1763,2.3707365633561404,48.89684875411141
1764,2.3707365633561404,48.898620425097896
1765,2.3707365633561404,48.90039203329107
1766,2.373431509208499,48.82060749169906
1767,2.373431509208499,48.82238186329838
1768,2.373431509208499,48.82415617208172
1769,2.373431509208499,48.8259304180496
1770,2.373431509208499,48.82770460120254
1771,2.373431509208499,48.829478721541065
1772,2.373431509208499,48.83125277906571
1773,2.373431509208499,48.833026773776965
1774,2.373431509208499,48.834800705675384
1775,2.373431509208499,48.83657457476149
1776,2.373431509208499,48.83834838103579
1777,2.373431509208499,48.840122124498826
1778,2.373431509208499,48.84189580515111
1779,2.373431509208499,48.843669422993166
1780,2.373431509208499,48.845442978025524
1781,2.373431509208499,48.8472164702487
1782,2.373431509208499,48.848989899663245
1783,2.373431509208499,48.85076326626965
1784,2.373431509208499,48.85253657006846
1785,2.373431509208499,48.854309811060205
1786,2.373431509208499,48.85608298924539
1787,2.373431509208499,48.85785610462457
1788,2.373431509208499,48.85962915719824
1789,2.373431509208499,48.86140214696696
1790,2.373431509208499,48.86317507393124
1791,2.373431509208499,48.864947938091596
1792,2.373431509208499,48.866720739448574
1793,2.373431509208499,48.86849347800269
1794,2.373431509208499,48.87026615375448
1795,2.373431509208499,48.87203876670446
1796,2.373431509208499,48.87381131685318
1797,2.373431509208499,48.875583804201156
1798,2.373431509208499,48.87735622874891
1799,2.373431509208499,48.879128590496975
1800,2.373431509208499,48.880900889445876
1801,2.373431509208499,48.88267312559616
1802,2.373431509208499,48.88444529894835
1803,2.373431509208499,48.88621740950296
1804,2.373431509208499,48.88798945726054
1805,2.373431509208499,48.889761442221605
1806,2.373431509208499,48.891533364386696
1807,2.373431509208499,48.893305223756336
1808,2.373431509208499,48.89507702033107
1809,2.373431509208499,48.89684875411141
1810,2.373431509208499,48.898620425097896
1811,2.373431509208499,48.90039203329107
1812,2.3761264550608576,48.82060749169906
1813,2.3761264550608576,48.82238186329838
1814,2.3761264550608576,48.82415617208172
1815,2.3761264550608576,48.8259304180496
1816,2.3761264550608576,48.82770460120254
1817,2.3761264550608576,48.829478721541065
1818,2.3761264550608576,48.83125277906571
1819,2.3761264550608576,48.833026773776965
1820,2.3761264550608576,48.834800705675384
1821,2.3761264550608576,48.83657457476149
1822,2.3761264550608576,48.83834838103579
1823,2.3761264550608576,48.840122124498826
1824,2.3761264550608576,48.84189580515111
1825,2.3761264550608576,48.843669422993166
1826,2.3761264550608576,48.845442978025524
1827,2.3761264550608576,48.8472164702487
1828,2.3761264550608576,48.848989899663245
1829,2.3761264550608576,48.85076326626965
1830,2.3761264550608576,48.85253657006846
1831,2.3761264550608576,48.854309811060205
1832,2.3761264550608576,48.85608298924539
1833,2.3761264550608576,48.85785610462457
1834,2.3761264550608576,48.85962915719824
1835,2.3761264550608576,48.86140214696696
1836,2.3761264550608576,48.86317507393124
1837,2.3761264550608576,48.864947938091596
1838,2.3761264550608576,48.866720739448574
1839,2.3761264550608576,48.86849347800269
1840,2.3761264550608576,48.87026615375448
1841,2.3761264550608576,48.87203876670446
1842,2.3761264550608576,48.87381131685318
1843,2.3761264550608576,48.875583804201156
1844,2.3761264550608576,48.87735622874891
1845,2.3761264550608576,48.879128590496975
1846,2.3761264550608576,48.880900889445876
1847,2.3761264550608576,48.88267312559616
1848,2.3761264550608576,48.88444529894835
1849,2.3761264550608576,48.88621740950296
1850,2.3761264550608576,48.88798945726054
1851,2.3761264550608576,48.889761442221605
1852,2.3761264550608576,48.891533364386696
1853,2.3761264550608576,48.893305223756336
1854,2.3761264550608576,48.89507702033107
1855,2.3761264550608576,48.89684875411141
1856,2.3761264550608576,48.898620425097896
1857,2.3761264550608576,48.90039203329107
1858,2.3788214009132163,48.82238186329838
1859,2.3788214009132163,48.82415617208172
1860,2.3788214009132163,48.8259304180496
1861,2.3788214009132163,48.82770460120254
1862,2.3788214009132163,48.829478721541065
1863,2.3788214009132163,48.83125277906571
1864,2.3788214009132163,48.833026773776965
1865,2.3788214009132163,48.834800705675384
1866,2.3788214009132163,48.83657457476149
1867,2.3788214009132163,48.83834838103579
1868,2.3788214009132163,48.840122124498826
1869,2.3788214009132163,48.84189580515111
1870,2.3788214009132163,48.843669422993166
1871,2.3788214009132163,48.845442978025524
1872,2.3788214009132163,48.8472164702487
1873,2.3788214009132163,48.848989899663245
1874,2.3788214009132163,48.85076326626965
1875,2.3788214009132163,48.85253657006846
1876,2.3788214009132163,48.854309811060205
1877,2.3788214009132163,48.85608298924539
1878,2.3788214009132163,48.85785610462457
1879,2.3788214009132163,48.85962915719824
1880,2.3788214009132163,48.86140214696696
1881,2.3788214009132163,48.86317507393124
1882,2.3788214009132163,48.864947938091596
1883,2.3788214009132163,48.866720739448574
1884,2.3788214009132163,48.86849347800269
1885,2.3788214009132163,48.87026615375448
1886,2.3788214009132163,48.87203876670446
1887,2.3788214009132163,48.87381131685318
1888,2.3788214009132163,48.875583804201156
1889,2.3788214009132163,48.87735622874891
1890,2.3788214009132163,48.879128590496975
1891,2.3788214009132163,48.880900889445876
1892,2.3788214009132163,48.88267312559616
1893,2.3788214009132163,48.88444529894835
1894,2.3788214009132163,48.88621740950296
1895,2.3788214009132163,48.88798945726054
1896,2.3788214009132163,48.889761442221605
1897,2.3788214009132163,48.891533364386696
1898,2.3788214009132163,48.893305223756336
1899,2.3788214009132163,48.89507702033107
1900,2.3788214009132163,48.89684875411141
1901,2.3788214009132163,48.898620425097896
1902,2.3788214009132163,48.90039203329107
1903,2.381516346765575,48.82415617208172
1904,2.381516346765575,48.8259304180496
1905,2.381516346765575,48.82770460120254
1906,2.381516346765575,48.829478721541065
1907,2.381516346765575,48.83125277906571
1908,2.381516346765575,48.833026773776965
1909,2.381516346765575,48.834800705675384
1910,2.381516346765575,48.83657457476149
1911,2.381516346765575,48.83834838103579
1912,2.381516346765575,48.840122124498826
1913,2.381516346765575,48.84189580515111
1914,2.381516346765575,48.843669422993166
1915,2.381516346765575,48.845442978025524
1916,2.381516346765575,48.8472164702487
1917,2.381516346765575,48.848989899663245
1918,2.381516346765575,48.85076326626965
1919,2.381516346765575,48.85253657006846
1920,2.381516346765575,48.854309811060205
1921,2.381516346765575,48.85608298924539
1922,2.381516346765575,48.85785610462457
1923,2.381516346765575,48.85962915719824
1924,2.381516346765575,48.86140214696696
1925,2.381516346765575,48.86317507393124
1926,2.381516346765575,48.864947938091596
1927,2.381516346765575,48.866720739448574
1928,2.381516346765575,48.86849347800269
1929,2.381516346765575,48.87026615375448
1930,2.381516346765575,48.87203876670446
1931,2.381516346765575,48.87381131685318
1932,2.381516346765575,48.875583804201156
1933,2.381516346765575,48.87735622874891
1934,2.381516346765575,48.879128590496975
1935,2.381516346765575,48.880900889445876
1936,2.381516346765575,48.88267312559616
1937,2.381516346765575,48.88444529894835
1938,2.381516346765575,48.88621740950296
1939,2.381516346765575,48.88798945726054
1940,2.381516346765575,48.889761442221605
1941,2.381516346765575,48.891533364386696
1942,2.381516346765575,48.893305223756336
1943,2.381516346765575,48.89507702033107
1944,2.381516346765575,48.89684875411141
1945,2.381516346765575,48.898620425097896
1946,2.381516346765575,48.90039203329107
1947,2.384211292617933,48.82415617208172
1948,2.384211292617933,48.8259304180496
1949,2.384211292617933,48.82770460120254
1950,2.384211292617933,48.829478721541065
1951,2.384211292617933,48.83125277906571
1952,2.384211292617933,48.833026773776965
1953,2.384211292617933,48.834800705675384
1954,2.384211292617933,48.83657457476149
1955,2.384211292617933,48.83834838103579
1956,2.384211292617933,48.840122124498826
1957,2.384211292617933,48.84189580515111
1958,2.384211292617933,48.843669422993166
1959,2.384211292617933,48.845442978025524
1960,2.384211292617933,48.8472164702487
1961,2.384211292617933,48.848989899663245
1962,2.384211292617933,48.85076326626965
1963,2.384211292617933,48.85253657006846
1964,2.384211292617933,48.854309811060205
1965,2.384211292617933,48.85608298924539
1966,2.384211292617933,48.85785610462457
1967,2.384211292617933,48.85962915719824
1968,2.384211292617933,48.86140214696696
1969,2.384211292617933,48.86317507393124
1970,2.384211292617933,48.864947938091596
1971,2.384211292617933,48.866720739448574
1972,2.384211292617933,48.86849347800269
1973,2.384211292617933,48.87026615375448
1974,2.384211292617933,48.87203876670446
1975,2.384211292617933,48.87381131685318
1976,2.384211292617933,48.875583804201156
1977,2.384211292617933,48.87735622874891
1978,2.384211292617933,48.879128590496975
1979,2.384211292617933,48.880900889445876
1980,2.384211292617933,48.88267312559616
1981,2.384211292617933,48.88444529894835
1982,2.384211292617933,48.88621740950296
1983,2.384211292617933,48.88798945726054
1984,2.384211292617933,48.889761442221605
1985,2.384211292617933,48.891533364386696
1986,2.384211292617933,48.893305223756336
1987,2.384211292617933,48.89507702033107
1988,2.384211292617933,48.89684875411141
1989,2.384211292617933,48.898620425097896
1990,2.384211292617933,48.90039203329107
1991,2.3869062384702917,48.8259304180496
1992,2.3869062384702917,48.82770460120254
1993,2.3869062384702917,48.829478721541065
1994,2.3869062384702917,48.83125277906571
1995,2.3869062384702917,48.833026773776965
1996,2.3869062384702917,48.834800705675384
1997,2.3869062384702917,48.83657457476149
1998,2.3869062384702917,48.83834838103579
1999,2.3869062384702917,48.840122124498826
2000,2.3869062384702917,48.84189580515111
2001,2.3869062384702917,48.843669422993166
2002,2.3869062384702917,48.845442978025524
2003,2.3869062384702917,48.8472164702487
2004,2.3869062384702917,48.848989899663245
2005,2.3869062384702917,48.85076326626965
2006,2.3869062384702917,48.85253657006846
2007,2.3869062384702917,48.854309811060205
2008,2.3869062384702917,48.85608298924539
2009,2.3869062384702917,48.85785610462457
2010,2.3869062384702917,48.85962915719824
2011,2.3869062384702917,48.86140214696696
2012,2.3869062384702917,48.86317507393124
2013,2.3869062384702917,48.864947938091596
2014,2.3869062384702917,48.866720739448574
2015,2.3869062384702917,48.86849347800269
2016,2.3869062384702917,48.87026615375448
2017,2.3869062384702917,48.87203876670446
2018,2.3869062384702917,48.87381131685318
2019,2.3869062384702917,48.875583804201156
2020,2.3869062384702917,48.87735622874891
2021,2.3869062384702917,48.879128590496975
2022,2.3869062384702917,48.880900889445876
2023,2.3869062384702917,48.88267312559616
2024,2.3869062384702917,48.88444529894835
2025,2.3869062384702917,48.88621740950296
2026,2.3869062384702917,48.88798945726054
2027,2.3869062384702917,48.889761442221605
2028,2.3869062384702917,48.891533364386696
2029,2.3869062384702917,48.893305223756336
2030,2.3869062384702917,48.89507702033107
2031,2.3869062384702917,48.89684875411141
2032,2.3869062384702917,48.898620425097896
2033,2.3869062384702917,48.90039203329107
2034,2.3896011843226503,48.8259304180496
2035,2.3896011843226503,48.82770460120254
2036,2.3896011843226503,48.829478721541065
2037,2.3896011843226503,48.83125277906571
2038,2.3896011843226503,48.833026773776965
2039,2.3896011843226503,48.834800705675384
2040,2.3896011843226503,48.83657457476149
2041,2.3896011843226503,48.83834838103579
2042,2.3896011843226503,48.840122124498826
2043,2.3896011843226503,48.84189580515111
2044,2.3896011843226503,48.843669422993166
2045,2.3896011843226503,48.845442978025524
2046,2.3896011843226503,48.8472164702487
2047,2.3896011843226503,48.848989899663245
2048,2.3896011843226503,48.85076326626965
2049,2.3896011843226503,48.85253657006846
2050,2.3896011843226503,48.854309811060205
2051,2.3896011843226503,48.85608298924539
2052,2.3896011843226503,48.85785610462457
2053,2.3896011843226503,48.85962915719824
2054,2.3896011843226503,48.86140214696696
2055,2.3896011843226503,48.86317507393124
2056,2.3896011843226503,48.864947938091596
2057,2.3896011843226503,48.866720739448574
2058,2.3896011843226503,48.86849347800269
2059,2.3896011843226503,48.87026615375448
2060,2.3896011843226503,48.87203876670446
2061,2.3896011843226503,48.87381131685318
2062,2.3896011843226503,48.875583804201156
2063,2.3896011843226503,48.87735622874891
2064,2.3896011843226503,48.879128590496975
2065,2.3896011843226503,48.880900889445876
2066,2.3896011843226503,48.88267312559616
2067,2.3896011843226503,48.88444529894835
2068,2.3896011843226503,48.88621740950296
2069,2.3896011843226503,48.88798945726054
2070,2.3896011843226503,48.889761442221605
2071,2.3896011843226503,48.891533364386696
2072,2.3896011843226503,48.893305223756336
2073,2.3896011843226503,48.89507702033107
2074,2.3896011843226503,48.89684875411141
2075,2.3896011843226503,48.898620425097896
2076,2.3896011843226503,48.90039203329107
2077,2.392296130175009,48.82770460120254
2078,2.392296130175009,48.829478721541065
2079,2.392296130175009,48.83125277906571
2080,2.392296130175009,48.833026773776965
2081,2.392296130175009,48.834800705675384
2082,2.392296130175009,48.83657457476149
2083,2.392296130175009,48.83834838103579
2084,2.392296130175009,48.840122124498826
2085,2.392296130175009,48.84189580515111
2086,2.392296130175009,48.843669422993166
2087,2.392296130175009,48.845442978025524
2088,2.392296130175009,48.8472164702487
2089,2.392296130175009,48.848989899663245
2090,2.392296130175009,48.85076326626965
2091,2.392296130175009,48.85253657006846
2092,2.392296130175009,48.854309811060205
2093,2.392296130175009,48.85608298924539
2094,2.392296130175009,48.85785610462457
2095,2.392296130175009,48.85962915719824
2096,2.392296130175009,48.86140214696696
2097,2.392296130175009,48.86317507393124
2098,2.392296130175009,48.864947938091596
2099,2.392296130175009,48.866720739448574
2100,2.392296130175009,48.86849347800269
2101,2.392296130175009,48.87026615375448
2102,2.392296130175009,48.87203876670446
2103,2.392296130175009,48.87381131685318
2104,2.392296130175009,48.875583804201156
2105,2.392296130175009,48.87735622874891
2106,2.392296130175009,48.879128590496975
2107,2.392296130175009,48.880900889445876
2108,2.392296130175009,48.88267312559616
2109,2.392296130175009,48.88444529894835
2110,2.392296130175009,48.88621740950296
2111,2.392296130175009,48.88798945726054
2112,2.392296130175009,48.889761442221605
2113,2.392296130175009,48.891533364386696
2114,2.392296130175009,48.893305223756336
2115,2.392296130175009,48.89507702033107
2116,2.392296130175009,48.89684875411141
2117,2.392296130175009,48.898620425097896
2118,2.3949910760273676,48.82770460120254
2119,2.3949910760273676,48.829478721541065
2120,2.3949910760273676,48.83125277906571
2121,2.3949910760273676,48.833026773776965
2122,2.3949910760273676,48.834800705675384
2123,2.3949910760273676,48.83657457476149
2124,2.3949910760273676,48.83834838103579
2125,2.3949910760273676,48.840122124498826
2126,2.3949910760273676,48.84189580515111
2127,2.3949910760273676,48.843669422993166
2128,2.3949910760273676,48.845442978025524
2129,2.3949910760273676,48.8472164702487
2130,2.3949910760273676,48.848989899663245
2131,2.3949910760273676,48.85076326626965
2132,2.3949910760273676,48.85253657006846
2133,2.3949910760273676,48.854309811060205
2134,2.3949910760273676,48.85608298924539
2135,2.3949910760273676,48.85785610462457
2136,2.3949910760273676,48.85962915719824
2137,2.3949910760273676,48.86140214696696
2138,2.3949910760273676,48.86317507393124
2139,2.3949910760273676,48.864947938091596
2140,2.3949910760273676,48.866720739448574
2141,2.3949910760273676,48.86849347800269
2142,2.3949910760273676,48.87026615375448
2143,2.3949910760273676,48.87203876670446
2144,2.3949910760273676,48.87381131685318
2145,2.3949910760273676,48.875583804201156
2146,2.3949910760273676,48.87735622874891
2147,2.3949910760273676,48.879128590496975
2148,2.3949910760273676,48.880900889445876
2149,2.3949910760273676,48.88267312559616
2150,2.3949910760273676,48.88444529894835
2151,2.3949910760273676,48.88621740950296
2152,2.3949910760273676,48.88798945726054
2153,2.3949910760273676,48.889761442221605
2154,2.3949910760273676,48.891533364386696
2155,2.3949910760273676,48.893305223756336
2156,2.3949910760273676,48.89507702033107
2157,2.3949910760273676,48.89684875411141
2158,2.3976860218797262,48.829478721541065
2159,2.3976860218797262,48.83125277906571
2160,2.3976860218797262,48.833026773776965
2161,2.3976860218797262,48.834800705675384
2162,2.3976860218797262,48.83657457476149
2163,2.3976860218797262,48.83834838103579
2164,2.3976860218797262,48.840122124498826
2165,2.3976860218797262,48.84189580515111
2166,2.3976860218797262,48.843669422993166
2167,2.3976860218797262,48.845442978025524
2168,2.3976860218797262,48.8472164702487
2169,2.3976860218797262,48.848989899663245
2170,2.3976860218797262,48.85076326626965
2171,2.3976860218797262,48.85253657006846
2172,2.3976860218797262,48.854309811060205
2173,2.3976860218797262,48.85608298924539
2174,2.3976860218797262,48.85785610462457
2175,2.3976860218797262,48.85962915719824
2176,2.3976860218797262,48.86140214696696
2177,2.3976860218797262,48.86317507393124
2178,2.3976860218797262,48.864947938091596
2179,2.3976860218797262,48.866720739448574
2180,2.3976860218797262,48.86849347800269
2181,2.3976860218797262,48.87026615375448
2182,2.3976860218797262,48.87203876670446
2183,2.3976860218797262,48.87381131685318
2184,2.3976860218797262,48.875583804201156
2185,2.3976860218797262,48.87735622874891
2186,2.3976860218797262,48.879128590496975
2187,2.3976860218797262,48.880900889445876
2188,2.3976860218797262,48.88267312559616
2189,2.3976860218797262,48.88444529894835
2190,2.3976860218797262,48.88621740950296
2191,2.3976860218797262,48.88798945726054
2192,2.3976860218797262,48.889761442221605
2193,2.3976860218797262,48.891533364386696
2194,2.3976860218797262,48.893305223756336
2195,2.400380967732085,48.829478721541065
2196,2.400380967732085,48.83125277906571
2197,2.400380967732085,48.833026773776965
2198,2.400380967732085,48.834800705675384
2199,2.400380967732085,48.83657457476149
2200,2.400380967732085,48.83834838103579
2201,2.400380967732085,48.840122124498826
2202,2.400380967732085,48.84189580515111
2203,2.400380967732085,48.843669422993166
2204,2.400380967732085,48.845442978025524
2205,2.400380967732085,48.8472164702487
2206,2.400380967732085,48.848989899663245
2207,2.400380967732085,48.85076326626965
2208,2.400380967732085,48.85253657006846
2209,2.400380967732085,48.854309811060205
2210,2.400380967732085,48.85608298924539
2211,2.400380967732085,48.85785610462457
2212,2.400380967732085,48.85962915719824
2213,2.400380967732085,48.86140214696696
2214,2.400380967732085,48.86317507393124
2215,2.400380967732085,48.864947938091596
2216,2.400380967732085,48.866720739448574
2217,2.400380967732085,48.86849347800269
2218,2.400380967732085,48.87026615375448
2219,2.400380967732085,48.87203876670446
2220,2.400380967732085,48.87381131685318
2221,2.400380967732085,48.875583804201156
2222,2.400380967732085,48.87735622874891
2223,2.400380967732085,48.879128590496975
2224,2.400380967732085,48.880900889445876
2225,2.400380967732085,48.88267312559616
2226,2.4030759135844435,48.829478721541065
2227,2.4030759135844435,48.83125277906571
2228,2.4030759135844435,48.833026773776965
2229,2.4030759135844435,48.834800705675384
2230,2.4030759135844435,48.83657457476149
2231,2.4030759135844435,48.83834838103579
2232,2.4030759135844435,48.840122124498826
2233,2.4030759135844435,48.84189580515111
2234,2.4030759135844435,48.843669422993166
2235,2.4030759135844435,48.845442978025524
2236,2.4030759135844435,48.8472164702487
2237,2.4030759135844435,48.848989899663245
2238,2.4030759135844435,48.85076326626965
2239,2.4030759135844435,48.85253657006846
2240,2.4030759135844435,48.854309811060205
2241,2.4030759135844435,48.85608298924539
2242,2.4030759135844435,48.85785610462457
2243,2.4030759135844435,48.85962915719824
2244,2.4030759135844435,48.86140214696696
2245,2.4030759135844435,48.86317507393124
2246,2.4030759135844435,48.864947938091596
2247,2.4030759135844435,48.866720739448574
2248,2.4030759135844435,48.86849347800269
2249,2.4030759135844435,48.87026615375448
2250,2.4030759135844435,48.87203876670446
2251,2.4030759135844435,48.87381131685318
2252,2.4030759135844435,48.875583804201156
2253,2.4030759135844435,48.87735622874891
2254,2.4030759135844435,48.879128590496975
2255,2.4030759135844435,48.880900889445876
2256,2.4057708594368017,48.829478721541065
2257,2.4057708594368017,48.83125277906571
2258,2.4057708594368017,48.833026773776965
2259,2.4057708594368017,48.834800705675384
2260,2.4057708594368017,48.83657457476149
2261,2.4057708594368017,48.83834838103579
2262,2.4057708594368017,48.840122124498826
2263,2.4057708594368017,48.84189580515111
2264,2.4057708594368017,48.843669422993166
2265,2.4057708594368017,48.845442978025524
2266,2.4057708594368017,48.8472164702487
2267,2.4057708594368017,48.848989899663245
2268,2.4057708594368017,48.85076326626965
2269,2.4057708594368017,48.85253657006846
2270,2.4057708594368017,48.854309811060205
2271,2.4057708594368017,48.85608298924539
2272,2.4057708594368017,48.85785610462457
2273,2.4057708594368017,48.85962915719824
2274,2.4057708594368017,48.86140214696696
2275,2.4057708594368017,48.86317507393124
2276,2.4057708594368017,48.864947938091596
2277,2.4057708594368017,48.866720739448574
2278,2.4057708594368017,48.86849347800269
2279,2.4057708594368017,48.87026615375448
2280,2.4057708594368017,48.87203876670446
2281,2.4057708594368017,48.87381131685318
2282,2.4057708594368017,48.875583804201156
2283,2.4057708594368017,48.87735622874891
2284,2.4057708594368017,48.879128590496975
2285,2.4084658052891603,48.82770460120254
2286,2.4084658052891603,48.829478721541065
2287,2.4084658052891603,48.83125277906571
2288,2.4084658052891603,48.833026773776965
2289,2.4084658052891603,48.834800705675384
2290,2.4084658052891603,48.83657457476149
2291,2.4084658052891603,48.83834838103579
2292,2.4084658052891603,48.840122124498826
2293,2.4084658052891603,48.84189580515111
2294,2.4084658052891603,48.843669422993166
2295,2.4084658052891603,48.845442978025524
2296,2.4084658052891603,48.8472164702487
2297,2.4084658052891603,48.848989899663245
2298,2.4084658052891603,48.85076326626965
2299,2.4084658052891603,48.85253657006846
2300,2.4084658052891603,48.854309811060205
2301,2.4084658052891603,48.85608298924539
2302,2.4084658052891603,48.85785610462457
2303,2.4084658052891603,48.85962915719824
2304,2.4084658052891603,48.86140214696696
2305,2.4084658052891603,48.86317507393124
2306,2.4084658052891603,48.864947938091596
2307,2.4084658052891603,48.866720739448574
2308,2.4084658052891603,48.86849347800269
2309,2.4084658052891603,48.87026615375448
2310,2.4084658052891603,48.87203876670446
2311,2.4084658052891603,48.87381131685318
2312,2.4084658052891603,48.875583804201156
2313,2.4084658052891603,48.87735622874891
2314,2.4084658052891603,48.879128590496975
2315,2.4111607511415185,48.8259304180496
2316,2.4111607511415185,48.82770460120254
2317,2.4111607511415185,48.829478721541065
2318,2.4111607511415185,48.83125277906571
2319,2.4111607511415185,48.833026773776965
2320,2.4111607511415185,48.834800705675384
2321,2.4111607511415185,48.83657457476149
2322,2.4111607511415185,48.83834838103579
2323,2.4111607511415185,48.840122124498826
2324,2.4111607511415185,48.84189580515111
2325,2.4111607511415185,48.843669422993166
2326,2.4111607511415185,48.845442978025524
2327,2.4111607511415185,48.8472164702487
2328,2.4111607511415185,48.848989899663245
2329,2.4111607511415185,48.85076326626965
2330,2.4111607511415185,48.85253657006846
2331,2.4111607511415185,48.854309811060205
2332,2.4111607511415185,48.85608298924539
2333,2.4111607511415185,48.85785610462457
2334,2.4111607511415185,48.85962915719824
2335,2.4111607511415185,48.86140214696696
2336,2.4111607511415185,48.86317507393124
2337,2.4111607511415185,48.864947938091596
2338,2.4111607511415185,48.866720739448574
2339,2.4111607511415185,48.86849347800269
2340,2.4111607511415185,48.87026615375448
2341,2.4111607511415185,48.87203876670446
2342,2.4111607511415185,48.87381131685318
2343,2.4111607511415185,48.875583804201156
2344,2.4111607511415185,48.87735622874891
